ons_id,year,party,votes
E14000530,2010,Ch P,231
E14000530,2010,Con,21203
E14000530,2010,EIP,803
E14000530,2010,LD,15617
E14000530,2010,Lab,5489
E14000530,2010,UKIP,2041
E14000531,2010,Ch P,394
E14000531,2010,Con,22913
E14000531,2010,Grn,847
E14000531,2010,LD,6833
E14000531,2010,Lab,7647
E14000532,2010,Con,24176
E14000532,2010,LD,12581
E14000532,2010,Lab,11073
E14000532,2010,UKIP,1563
E14000533,2010,BNP,3195
E14000533,2010,Con,17746
E14000533,2010,LD,6636
E14000533,2010,Lab,17210
E14000533,2010,MRLP,265
E14000533,2010,UKIP,906
E14000534,2010,Con,32333
E14000534,2010,LD,15642
E14000534,2010,Lab,4835
E14000534,2010,UKIP,3172
E14000535,2010,BNP,2781
E14000535,2010,Con,10698
E14000535,2010,ED,1102
E14000535,2010,Ind1,396
E14000535,2010,LD,16047
E14000535,2010,Lab,16239
E14000535,2010,UKIP,933
E14000536,2010,Con,29878
E14000536,2010,Grn,1014
E14000536,2010,LD,12581
E14000536,2010,Lab,9204
E14000536,2010,UKIP,2508
E14000537,2010,BNP,2929
E14000537,2010,Con,9510
E14000537,2010,LD,5703
E14000537,2010,Lab,18604
E14000537,2010,UKIP,1686
E14000538,2010,Con,27736
E14000538,2010,LD,15118
E14000538,2010,Lab,6695
E14000538,2010,UKIP,3613
E14000539,2010,Con,29703
E14000539,2010,Grn,959
E14000539,2010,Ind1,524
E14000539,2010,LD,11476
E14000539,2010,Lab,10773
E14000539,2010,UKIP,2806
E14000540,2010,BNP,6620
E14000540,2010,Ch P,482
E14000540,2010,Con,8073
E14000540,2010,Grn,317
E14000540,2010,Ind1,77
E14000540,2010,LD,3719
E14000540,2010,Lab,24628
E14000540,2010,MRLP,82
E14000540,2010,Rest,45
E14000540,2010,UKIP,1300
E14000541,2010,BNP,3307
E14000541,2010,Con,6388
E14000541,2010,Ind1,732
E14000541,2010,Ind2,610
E14000541,2010,LD,6394
E14000541,2010,Lab,17487
E14000541,2010,Soc Lab,356
E14000541,2010,UKIP,1727
E14000542,2010,BNP,3301
E14000542,2010,Con,6329
E14000542,2010,Ind1,712
E14000542,2010,Ind2,684
E14000542,2010,LD,6969
E14000542,2010,Lab,18059
E14000542,2010,Soc Lab,601
E14000542,2010,UKIP,1731
E14000543,2010,BNP,840
E14000543,2010,Con,16018
E14000543,2010,Grn,530
E14000543,2010,Ind1,245
E14000543,2010,LD,4424
E14000543,2010,Lab,21226
E14000543,2010,UKIP,841
E14000544,2010,BNP,1934
E14000544,2010,Con,21922
E14000544,2010,LD,6538
E14000544,2010,Lab,9584
E14000544,2010,UKIP,1591
E14000545,2010,BCP,247
E14000545,2010,Con,25590
E14000545,2010,LD,12414
E14000545,2010,Lab,10327
E14000545,2010,UKIP,2076
E14000546,2010,Con,16803
E14000546,2010,Ind1,407
E14000546,2010,LD,5570
E14000546,2010,Lab,25018
E14000546,2010,UKIP,1779
E14000547,2010,Ch P,250
E14000547,2010,Con,14768
E14000547,2010,Grn,1120
E14000547,2010,Ind1,56
E14000547,2010,LD,26651
E14000547,2010,Lab,3251
E14000547,2010,ND,69
E14000547,2010,South,31
E14000547,2010,UKIP,890
E14000548,2010,BNP,3685
E14000548,2010,Con,17159
E14000548,2010,Grn,605
E14000548,2010,LD,8095
E14000548,2010,Lab,21565
E14000549,2010,Con,23103
E14000549,2010,Grn,559
E14000549,2010,Ind1,155
E14000549,2010,LD,7176
E14000549,2010,Lab,17126
E14000549,2010,PPBF,168
E14000549,2010,UKIP,505
E14000550,2010,Con,32053
E14000550,2010,Grn,768
E14000550,2010,Ind1,191
E14000550,2010,LD,10271
E14000550,2010,Lab,6135
E14000550,2010,MPEA,475
E14000550,2010,UKIP,2597
E14000551,2010,BNP,1001
E14000551,2010,Con,27597
E14000551,2010,ED,223
E14000551,2010,Grn,608
E14000551,2010,LD,9813
E14000551,2010,Lab,6893
E14000551,2010,UKIP,1551
E14000552,2010,BNP,757
E14000552,2010,Con,17546
E14000552,2010,Grn,393
E14000552,2010,Ind1,120
E14000552,2010,LD,8957
E14000552,2010,Lab,16193
E14000552,2010,UKIP,1136
E14000553,2010,BNP,1370
E14000553,2010,Con,7638
E14000553,2010,Grn,718
E14000553,2010,Ind1,155
E14000553,2010,LD,21590
E14000553,2010,Lab,13060
E14000553,2010,ND,120
E14000554,2010,BNP,1213
E14000554,2010,Con,14116
E14000554,2010,LD,16806
E14000554,2010,Lab,5061
E14000554,2010,UKIP,1243
E14000555,2010,BNP,1405
E14000555,2010,Con,7071
E14000555,2010,Grn,856
E14000555,2010,Ind1,277
E14000555,2010,Ind2,100
E14000555,2010,Ind3,71
E14000555,2010,LD,10210
E14000555,2010,Lab,21784
E14000555,2010,Pirate,213
E14000555,2010,Respect,8532
E14000555,2010,UV,209
E14000556,2010,BNP,2080
E14000556,2010,Con,25063
E14000556,2010,Grn,686
E14000556,2010,Ind1,225
E14000556,2010,LD,12076
E14000556,2010,Lab,11224
E14000556,2010,UKIP,1845
E14000557,2010,BNP,1950
E14000557,2010,Con,28147
E14000557,2010,LD,15267
E14000557,2010,Lab,6524
E14000557,2010,Trust,2699
E14000558,2010,BNP,2042
E14000558,2010,Con,21794
E14000558,2010,ED,466
E14000558,2010,Grn,371
E14000558,2010,LD,5502
E14000558,2010,Lab,11450
E14000558,2010,UKIP,1557
E14000559,2010,Con,6687
E14000559,2010,LD,6554
E14000559,2010,Lab,22082
E14000560,2010,BNP,1196
E14000560,2010,Ch P,127
E14000560,2010,Con,15620
E14000560,2010,Grn,469
E14000560,2010,Impact,146
E14000560,2010,LD,6387
E14000560,2010,Lab,16894
E14000560,2010,UKIP,732
E14000561,2010,BNP,1815
E14000561,2010,Ch P,217
E14000561,2010,Con,11592
E14000561,2010,Ind1,240
E14000561,2010,LD,5742
E14000561,2010,Lab,14869
E14000561,2010,NF,229
E14000561,2010,UKIP,842
E14000562,2010,Con,7320
E14000562,2010,Ind1,190
E14000562,2010,LD,11988
E14000562,2010,Lab,16039
E14000562,2010,Respect,12240
E14000562,2010,UKIP,950
E14000563,2010,BNP,2333
E14000563,2010,Con,4936
E14000563,2010,LD,11775
E14000563,2010,Lab,22077
E14000563,2010,Soc Dem,637
E14000563,2010,UKIP,714
E14000564,2010,Con,4277
E14000564,2010,Grn,859
E14000564,2010,LD,9845
E14000564,2010,Lab,19950
E14000564,2010,UKIP,902
E14000565,2010,BNP,2290
E14000565,2010,CG,305
E14000565,2010,Con,14059
E14000565,2010,Grn,406
E14000565,2010,LD,6550
E14000565,2010,Lab,16841
E14000565,2010,UKIP,1363
E14000566,2010,Ch P,507
E14000566,2010,Con,8960
E14000566,2010,LD,9234
E14000566,2010,Lab,21142
E14000566,2010,Soc Lab,527
E14000566,2010,UKIP,1675
E14000567,2010,BNP,1820
E14000567,2010,Ch P,159
E14000567,2010,Con,14468
E14000567,2010,Grn,664
E14000567,2010,LD,10371
E14000567,2010,Lab,17950
E14000567,2010,UKIP,1131
E14000568,2010,BNP,2153
E14000568,2010,Con,7836
E14000568,2010,LD,16162
E14000568,2010,Lab,13160
E14000568,2010,NF,349
E14000568,2010,UKIP,1190
E14000569,2010,BNP,2036
E14000569,2010,Con,10805
E14000569,2010,LD,9189
E14000569,2010,LLPB,1964
E14000569,2010,Lab,16023
E14000569,2010,UKIP,1119
E14000570,2010,BIB,1424
E14000570,2010,BNP,2158
E14000570,2010,Con,11895
E14000570,2010,Ind1,238
E14000570,2010,Ind2,173
E14000570,2010,LD,6918
E14000570,2010,Lab,21751
E14000570,2010,UKIP,942
E14000571,2010,BNP,2469
E14000571,2010,Ch P,161
E14000571,2010,Con,6260
E14000571,2010,LD,4861
E14000571,2010,Lab,18563
E14000571,2010,Respect,996
E14000571,2010,UKIP,894
E14000572,2010,BNP,1556
E14000572,2010,Con,16964
E14000572,2010,LD,5400
E14000572,2010,Lab,14814
E14000572,2010,MRLP,198
E14000572,2010,UKIP,1659
E14000573,2010,BNP,1482
E14000573,2010,Con,12597
E14000573,2010,IUK,230
E14000573,2010,LD,5082
E14000573,2010,Lab,14449
E14000573,2010,UKIP,1352
E14000574,2010,BNP,2277
E14000574,2010,Con,7159
E14000574,2010,LD,13180
E14000574,2010,Lab,22297
E14000575,2010,BNP,1699
E14000575,2010,Con,6412
E14000575,2010,ED,327
E14000575,2010,Ind1,819
E14000575,2010,LD,10488
E14000575,2010,Lab,17156
E14000575,2010,UKIP,1665
E14000576,2010,BNP,1890
E14000576,2010,Con,24087
E14000576,2010,Ind1,235
E14000576,2010,LD,11024
E14000576,2010,Lab,6580
E14000576,2010,UKIP,3036
E14000577,2010,BNP,2640
E14000577,2010,Con,10812
E14000577,2010,LD,6821
E14000577,2010,Lab,21994
E14000577,2010,UKIP,1721
E14000578,2010,Con,15786
E14000578,2010,LD,5624
E14000578,2010,Lab,19870
E14000578,2010,UKIP,1815
E14000578,2010,You,182
E14000579,2010,BNP,2012
E14000579,2010,CPA,195
E14000579,2010,Con,10148
E14000579,2010,Grn,614
E14000579,2010,LD,6289
E14000579,2010,Lab,18782
E14000579,2010,UKIP,1564
E14000580,2010,Con,18235
E14000580,2010,Grn,545
E14000580,2010,Ind1,254
E14000580,2010,LD,8177
E14000580,2010,Lab,18327
E14000580,2010,UKIP,1901
E14000580,2010,You,137
E14000581,2010,BNP,942
E14000581,2010,Con,3678
E14000581,2010,LD,6245
E14000581,2010,Lab,27426
E14000581,2010,TUSC,472
E14000581,2010,UKIP,2514
E14000582,2010,BNP,2278
E14000582,2010,Con,21325
E14000582,2010,Ind1,171
E14000582,2010,LD,6371
E14000582,2010,Lab,8899
E14000582,2010,UKIP,4081
E14000583,2010,BNP,2458
E14000583,2010,Con,23132
E14000583,2010,ED,615
E14000583,2010,LD,18100
E14000583,2010,Lab,8674
E14000583,2010,Sci,197
E14000583,2010,UKIP,1098
E14000584,2010,Con,21320
E14000584,2010,Ind1,249
E14000584,2010,LD,13592
E14000584,2010,Lab,5836
E14000584,2010,UKIP,3027
E14000585,2010,Con,18808
E14000585,2010,Ind1,456
E14000585,2010,LD,13225
E14000585,2010,Lab,6171
E14000585,2010,UKIP,2999
E14000586,2010,BNP,1253
E14000586,2010,Con,27327
E14000586,2010,Grn,821
E14000586,2010,LD,11623
E14000586,2010,Lab,8755
E14000586,2010,SMA,60
E14000586,2010,UKIP,2297
E14000587,2010,BNP,1854
E14000587,2010,Con,10860
E14000587,2010,Ind1,375
E14000587,2010,Ind2,237
E14000587,2010,LD,13637
E14000587,2010,Lab,13272
E14000587,2010,NF,222
E14000588,2010,BNP,2651
E14000588,2010,Con,11060
E14000588,2010,D Nat,315
E14000588,2010,LD,6948
E14000588,2010,Lab,15682
E14000588,2010,UKIP,1339
E14000589,2010,BNP,1370
E14000589,2010,Con,12638
E14000589,2010,D Nat,438
E14000589,2010,Grn,940
E14000589,2010,LD,4732
E14000589,2010,Lab,18401
E14000589,2010,Respect,1245
E14000589,2010,UKIP,812
E14000590,2010,BNP,1080
E14000590,2010,Con,25901
E14000590,2010,Grn,718
E14000590,2010,LD,9247
E14000590,2010,Lab,9780
E14000590,2010,UKIP,2477
E14000591,2010,Ch P,488
E14000591,2010,Con,5067
E14000591,2010,Grn,668
E14000591,2010,Ind1,163
E14000591,2010,LD,20026
E14000591,2010,Lab,18681
E14000591,2010,Respect,230
E14000592,2010,Con,16486
E14000592,2010,ED,247
E14000592,2010,Grn,725
E14000592,2010,Ind1,734
E14000592,2010,Ind2,333
E14000592,2010,LD,8879
E14000592,2010,Lab,24514
E14000592,2010,UKIP,380
E14000593,2010,BNP,704
E14000593,2010,CPA,99
E14000593,2010,Ch P,210
E14000593,2010,Con,20022
E14000593,2010,ED,230
E14000593,2010,Grn,787
E14000593,2010,Ind1,68
E14000593,2010,LD,12718
E14000593,2010,Lab,18064
E14000593,2010,UKIP,863
E14000594,2010,BNP,1447
E14000594,2010,Con,28793
E14000594,2010,ED,491
E14000594,2010,Grn,584
E14000594,2010,Ind1,263
E14000594,2010,LD,11872
E14000594,2010,Lab,4992
E14000594,2010,ND,113
E14000594,2010,UKIP,2037
E14000595,2010,BNP,1282
E14000595,2010,Con,24675
E14000595,2010,Grn,859
E14000595,2010,Ind1,315
E14000595,2010,LD,15426
E14000595,2010,Lab,9332
E14000595,2010,UKIP,2604
E14000596,2010,BNP,1498
E14000596,2010,Con,19680
E14000596,2010,LD,6414
E14000596,2010,Lab,14533
E14000596,2010,UKIP,1749
E14000597,2010,Con,16217
E14000597,2010,Grn,2330
E14000597,2010,LD,7691
E14000597,2010,Lab,14889
E14000597,2010,TUSC,194
E14000597,2010,UKIP,1384
E14000598,2010,CURE,61
E14000598,2010,Con,12275
E14000598,2010,Grn,16238
E14000598,2010,LD,7159
E14000598,2010,Lab,14986
E14000598,2010,ND,19
E14000598,2010,Soc Lab,148
E14000598,2010,UKIP,948
E14000599,2010,BNP,1960
E14000599,2010,Con,12749
E14000599,2010,ED,347
E14000599,2010,Grn,803
E14000599,2010,LD,10993
E14000599,2010,Lab,16471
E14000599,2010,TUSC,184
E14000599,2010,UKIP,1510
E14000600,2010,Con,19115
E14000600,2010,ED,635
E14000600,2010,Grn,511
E14000600,2010,LD,15841
E14000600,2010,Lab,13059
E14000600,2010,UKIP,1175
E14000601,2010,BNP,1739
E14000601,2010,Con,11086
E14000601,2010,ED,400
E14000601,2010,Grn,1216
E14000601,2010,LD,13866
E14000601,2010,Lab,18600
E14000601,2010,TUSC,206
E14000601,2010,UKIP,1264
E14000602,2010,Con,10169
E14000602,2010,ED,270
E14000602,2010,Grn,2090
E14000602,2010,Ind1,343
E14000602,2010,LD,26593
E14000602,2010,Lab,15227
E14000602,2010,UKIP,655
E14000603,2010,BNP,871
E14000603,2010,Con,24338
E14000603,2010,Grn,752
E14000603,2010,LD,17046
E14000603,2010,Lab,7287
E14000603,2010,UKIP,2382
E14000604,2010,BNP,1070
E14000604,2010,Con,23569
E14000604,2010,ED,376
E14000604,2010,Grn,607
E14000604,2010,LD,9669
E14000604,2010,Lab,7295
E14000604,2010,UKIP,1451
E14000605,2010,BIC,2182
E14000605,2010,BNP,1923
E14000605,2010,Con,22558
E14000605,2010,Ind1,336
E14000605,2010,Ind2,307
E14000605,2010,LD,10124
E14000605,2010,Lab,11250
E14000605,2010,UKIP,2950
E14000606,2010,BNP,2159
E14000606,2010,Con,26844
E14000606,2010,ED,618
E14000606,2010,LD,6107
E14000606,2010,Lab,8040
E14000606,2010,UKIP,1890
E14000607,2010,BNP,1422
E14000607,2010,Con,20585
E14000607,2010,Grn,423
E14000607,2010,LD,8907
E14000607,2010,Lab,20196
E14000607,2010,UKIP,1194
E14000608,2010,BNP,980
E14000608,2010,CTDP,107
E14000608,2010,Ch P,369
E14000608,2010,Ind1,10331
E14000608,2010,Ind2,2394
E14000608,2010,Ind3,1270
E14000608,2010,Ind4,435
E14000608,2010,Ind5,332
E14000608,2010,MRLP,856
E14000608,2010,Speaker,22860
E14000608,2010,UKIP,8401
E14000609,2010,BNP,3747
E14000609,2010,Con,6950
E14000609,2010,Ind1,1876
E14000609,2010,Ind2,297
E14000609,2010,LD,14932
E14000609,2010,Lab,13114
E14000609,2010,UKIP,929
E14000610,2010,BNP,2409
E14000610,2010,Con,22188
E14000610,2010,LD,7891
E14000610,2010,Lab,15884
E14000610,2010,UKIP,1451
E14000611,2010,BNP,1825
E14000611,2010,Con,18070
E14000611,2010,Ind1,181
E14000611,2010,LD,7645
E14000611,2010,Lab,15827
E14000611,2010,Pirate,131
E14000611,2010,UKIP,1282
E14000612,2010,BNP,1743
E14000612,2010,Con,16216
E14000612,2010,ED,494
E14000612,2010,Grn,493
E14000612,2010,LD,8796
E14000612,2010,Lab,19508
E14000612,2010,UKIP,1017
E14000613,2010,Con,27899
E14000613,2010,Grn,2521
E14000613,2010,LD,15519
E14000613,2010,Lab,9776
E14000613,2010,UKIP,3003
E14000614,2010,BNP,1823
E14000614,2010,Con,20397
E14000614,2010,ED,157
E14000614,2010,Grn,858
E14000614,2010,Ind1,194
E14000614,2010,Ind2,175
E14000614,2010,LD,13037
E14000614,2010,Lab,13966
E14000614,2010,UKIP,1173
E14000615,2010,AWL,75
E14000615,2010,Con,6080
E14000615,2010,ED,435
E14000615,2010,Grn,1361
E14000615,2010,Ind1,93
E14000615,2010,Ind2,87
E14000615,2010,LD,10432
E14000615,2010,Lab,27619
E14000615,2010,ND,82
E14000615,2010,Soc Lab,184
E14000615,2010,WRP,211
E14000616,2010,Con,15969
E14000616,2010,Grn,581
E14000616,2010,LD,15903
E14000616,2010,Lab,6945
E14000616,2010,MK,775
E14000616,2010,Soc Lab,168
E14000616,2010,UKIP,2152
E14000617,2010,Cam Soc,362
E14000617,2010,Con,12829
E14000617,2010,Grn,3804
E14000617,2010,Ind1,145
E14000617,2010,LD,19621
E14000617,2010,Lab,12174
E14000617,2010,UKIP,1195
E14000618,2010,BNP,2168
E14000618,2010,Con,18271
E14000618,2010,GSOT,259
E14000618,2010,Ind1,380
E14000618,2010,Ind2,93
E14000618,2010,LD,7732
E14000618,2010,Lab,15076
E14000618,2010,UKIP,1580
E14000619,2010,Con,22050
E14000619,2010,Grn,1137
E14000619,2010,LD,16002
E14000619,2010,Lab,7940
E14000619,2010,MRP,173
E14000619,2010,UKIP,1907
E14000620,2010,BNP,1086
E14000620,2010,Con,16589
E14000620,2010,Grn,614
E14000620,2010,LD,6567
E14000620,2010,Lab,15736
E14000620,2010,ND,263
E14000620,2010,TUSC,376
E14000620,2010,UKIP,969
E14000621,2010,BNP,1100
E14000621,2010,Con,16920
E14000621,2010,Grn,355
E14000621,2010,LD,22180
E14000621,2010,Lab,4015
E14000621,2010,UKIP,1348
E14000622,2010,BNP,2205
E14000622,2010,Con,19806
E14000622,2010,ISGB,12174
E14000622,2010,LD,4232
E14000622,2010,Lab,6609
E14000623,2010,Con,27737
E14000623,2010,Grn,1044
E14000623,2010,LD,18507
E14000623,2010,Lab,3715
E14000623,2010,UKIP,2870
E14000624,2010,Con,27125
E14000624,2010,Grn,1452
E14000624,2010,Ind1,389
E14000624,2010,LD,13339
E14000624,2010,Lab,8636
E14000624,2010,New,118
E14000624,2010,UKIP,2361
E14000625,2010,BNP,3116
E14000625,2010,Con,26560
E14000625,2010,LD,11531
E14000625,2010,Lab,10536
E14000625,2010,UKIP,1799
E14000626,2010,BNP,1365
E14000626,2010,Ch P,109
E14000626,2010,Con,20230
E14000626,2010,ED,400
E14000626,2010,Grn,396
E14000626,2010,LD,5832
E14000626,2010,Lab,14161
E14000626,2010,UKIP,1314
E14000627,2010,Con,21445
E14000627,2010,LD,24717
E14000627,2010,Lab,4920
E14000627,2010,UKIP,1430
E14000628,2010,BNP,899
E14000628,2010,Con,25207
E14000628,2010,ED,254
E14000628,2010,Grn,476
E14000628,2010,LD,20097
E14000628,2010,Lab,5980
E14000628,2010,RTBP,153
E14000628,2010,UKIP,1527
E14000629,2010,BNP,388
E14000629,2010,Blue,17
E14000629,2010,Con,24093
E14000629,2010,ED,169
E14000629,2010,Grn,671
E14000629,2010,LD,6473
E14000629,2010,Lab,7371
E14000629,2010,NICF,196
E14000629,2010,UKIP,478
E14000630,2010,Con,21739
E14000630,2010,LD,26659
E14000630,2010,Lab,2703
E14000630,2010,MRLP,493
E14000630,2010,UKIP,1192
E14000631,2010,Con,31658
E14000631,2010,Grn,767
E14000631,2010,LD,14948
E14000631,2010,Lab,2942
E14000631,2010,UKIP,2129
E14000632,2010,Con,7214
E14000632,2010,ED,1213
E14000632,2010,Grn,600
E14000632,2010,Ind1,147
E14000632,2010,LD,17342
E14000632,2010,Lab,17891
E14000632,2010,UKIP,1432
E14000633,2010,Con,31427
E14000633,2010,LD,15550
E14000633,2010,Lab,5937
E14000633,2010,UKIP,3873
E14000634,2010,BNP,1288
E14000634,2010,Con,22743
E14000634,2010,Grn,650
E14000634,2010,Ind1,202
E14000634,2010,Ind2,68
E14000634,2010,LD,7242
E14000634,2010,Lab,9780
E14000634,2010,UKIP,1133
E14000635,2010,BNP,641
E14000635,2010,Ch P,118
E14000635,2010,Con,21500
E14000635,2010,ED,307
E14000635,2010,Grn,446
E14000635,2010,LD,23970
E14000635,2010,Lab,3620
E14000635,2010,UKIP,1783
E14000636,2010,Con,24700
E14000636,2010,Grn,1021
E14000636,2010,Ind1,470
E14000636,2010,LD,10202
E14000636,2010,Lab,12773
E14000636,2010,UKIP,1442
E14000637,2010,Con,18922
E14000637,2010,Ind1,359
E14000637,2010,LD,6957
E14000637,2010,Lab,21515
E14000637,2010,UKIP,2021
E14000638,2010,Con,27888
E14000638,2010,LD,12478
E14000638,2010,Lab,4849
E14000638,2010,UKIP,4201
E14000639,2010,Con,19264
E14000639,2010,ED,191
E14000639,2010,Grn,778
E14000639,2010,Ind1,98
E14000639,2010,Ind2,84
E14000639,2010,LD,7574
E14000639,2010,Lab,8188
E14000639,2010,Pirate,90
E14000639,2010,UKIP,664
E14000640,2010,Con,18995
E14000640,2010,ED,594
E14000640,2010,Grn,535
E14000640,2010,Ind1,99
E14000640,2010,LD,8930
E14000640,2010,Lab,16412
E14000640,2010,UKIP,1225
E14000641,2010,BNP,1153
E14000641,2010,Con,6146
E14000641,2010,Ind1,172
E14000641,2010,LD,17429
E14000641,2010,Lab,20496
E14000641,2010,UKIP,856
E14000642,2010,BNP,1975
E14000642,2010,Con,22867
E14000642,2010,Grn,535
E14000642,2010,Ind1,292
E14000642,2010,LD,5577
E14000642,2010,Lab,10799
E14000642,2010,TF,1078
E14000643,2010,Con,18939
E14000643,2010,LD,8192
E14000643,2010,Lab,14641
E14000643,2010,UKIP,3194
E14000644,2010,BNP,705
E14000644,2010,Con,15169
E14000644,2010,ED,335
E14000644,2010,Grn,694
E14000644,2010,LD,22151
E14000644,2010,Lab,5680
E14000644,2010,ND,20
E14000644,2010,PPE,35
E14000644,2010,UKIP,1350
E14000645,2010,BNP,1893
E14000645,2010,Con,20440
E14000645,2010,Grn,867
E14000645,2010,LD,15603
E14000645,2010,Lab,14589
E14000645,2010,TUSC,741
E14000645,2010,UKIP,1163
E14000646,2010,Con,23250
E14000646,2010,Ind1,276
E14000646,2010,Ind2,79
E14000646,2010,LD,16187
E14000646,2010,Lab,8747
E14000646,2010,ND,94
E14000646,2010,UKIP,2147
E14000647,2010,BNP,1474
E14000647,2010,Con,15866
E14000647,2010,Grn,389
E14000647,2010,LD,4365
E14000647,2010,Lab,19699
E14000647,2010,UKIP,994
E14000648,2010,BNP,2525
E14000648,2010,Con,22886
E14000648,2010,LD,7834
E14000648,2010,Lab,20991
E14000649,2010,BNP,1863
E14000649,2010,Ch M,434
E14000649,2010,Con,9609
E14000649,2010,LD,7210
E14000649,2010,Lab,21384
E14000649,2010,Soc Alt,1592
E14000649,2010,UKIP,1291
E14000650,2010,BNP,1666
E14000650,2010,Ch M,164
E14000650,2010,Con,13648
E14000650,2010,Grn,497
E14000650,2010,Ind1,640
E14000650,2010,LD,8344
E14000650,2010,Lab,19936
E14000650,2010,Soc Alt,370
E14000650,2010,UKIP,1295
E14000651,2010,Con,15352
E14000651,2010,Grn,639
E14000651,2010,LD,8278
E14000651,2010,Lab,19197
E14000651,2010,Soc Alt,691
E14000651,2010,UKIP,1767
E14000652,2010,BNP,1672
E14000652,2010,Con,21264
E14000652,2010,Grn,598
E14000652,2010,Ind1,143
E14000652,2010,JP,265
E14000652,2010,LD,6844
E14000652,2010,Lab,15336
E14000652,2010,UKIP,1382
E14000653,2010,BNP,1043
E14000653,2010,Con,23420
E14000653,2010,Ind1,177
E14000653,2010,LD,7656
E14000653,2010,Lab,17374
E14000653,2010,UKIP,1414
E14000654,2010,BNP,1448
E14000654,2010,Ch P,264
E14000654,2010,Con,19567
E14000654,2010,Grn,581
E14000654,2010,Ind1,3239
E14000654,2010,Ind2,138
E14000654,2010,LD,6553
E14000654,2010,Lab,16688
E14000654,2010,MRLP,192
E14000654,2010,UKIP,997
E14000655,2010,Ch P,586
E14000655,2010,Comm,160
E14000655,2010,Con,12466
E14000655,2010,Grn,1017
E14000655,2010,Ind1,111
E14000655,2010,LD,7226
E14000655,2010,Lab,28947
E14000655,2010,Respect,272
E14000655,2010,UKIP,891
E14000656,2010,Con,28684
E14000656,2010,Grn,981
E14000656,2010,LD,12866
E14000656,2010,Lab,11287
E14000656,2010,UKIP,2504
E14000657,2010,BNP,4952
E14000657,2010,Ch P,305
E14000657,2010,Con,15183
E14000657,2010,Grn,296
E14000657,2010,Ind1,308
E14000657,2010,LD,3806
E14000657,2010,Lab,17813
E14000657,2010,UKIP,1569
E14000658,2010,BNP,1262
E14000658,2010,Con,13503
E14000658,2010,LD,10046
E14000658,2010,Lab,16891
E14000658,2010,UKIP,1194
E14000659,2010,Con,24428
E14000659,2010,ED,2178
E14000659,2010,FDP,207
E14000659,2010,Ind1,264
E14000659,2010,LD,7361
E14000659,2010,Lab,13800
E14000659,2010,UKIP,1842
E14000660,2010,Con,29252
E14000660,2010,ED,1187
E14000660,2010,Grn,770
E14000660,2010,LD,10064
E14000660,2010,Lab,8168
E14000660,2010,UKIP,2333
E14000661,2010,Con,9360
E14000661,2010,Ind1,297
E14000661,2010,LD,6727
E14000661,2010,Lab,19191
E14000661,2010,UKIP,2060
E14000662,2010,BNP,2000
E14000662,2010,Con,14283
E14000662,2010,Ind1,264
E14000662,2010,LD,12638
E14000662,2010,Lab,14896
E14000662,2010,Pirate,170
E14000662,2010,UKIP,829
E14000663,2010,Con,11729
E14000663,2010,Ind1,1357
E14000663,2010,LD,8430
E14000663,2010,Lab,17851
E14000663,2010,UKIP,1821
E14000664,2010,Con,24378
E14000664,2010,Grn,772
E14000664,2010,Hum,50
E14000664,2010,LD,10512
E14000664,2010,Lab,9061
E14000664,2010,MRLP,228
E14000664,2010,UKIP,1779
E14000665,2010,Con,25519
E14000665,2010,Grn,813
E14000665,2010,Ind1,566
E14000665,2010,LD,12514
E14000665,2010,Lab,4711
E14000665,2010,Libert,141
E14000665,2010,UKIP,2076
E14000666,2010,BNP,3265
E14000666,2010,Con,18898
E14000666,2010,ED,661
E14000666,2010,Grn,849
E14000666,2010,Ind1,3813
E14000666,2010,LD,9150
E14000666,2010,Lab,17372
E14000667,2010,BNP,2112
E14000667,2010,Con,12877
E14000667,2010,ED,1756
E14000667,2010,Ind1,877
E14000667,2010,LD,7422
E14000667,2010,Lab,16472
E14000667,2010,UKIP,1904
E14000668,2010,BNP,1762
E14000668,2010,CURE,72
E14000668,2010,Con,10340
E14000668,2010,ED,1816
E14000668,2010,Ind1,970
E14000668,2010,LD,8795
E14000668,2010,Lab,16569
E14000668,2010,UKIP,1421
E14000669,2010,BNP,2818
E14000669,2010,Con,8728
E14000669,2010,ED,2148
E14000669,2010,LD,6174
E14000669,2010,Lab,19637
E14000669,2010,TUSC,181
E14000669,2010,UKIP,1797
E14000670,2010,BNP,1104
E14000670,2010,CPA,200
E14000670,2010,Con,22174
E14000670,2010,ED,216
E14000670,2010,Ind1,82
E14000670,2010,LD,7962
E14000670,2010,Lab,16900
E14000670,2010,UKIP,1747
E14000671,2010,BNP,1899
E14000671,2010,Con,14274
E14000671,2010,LD,4066
E14000671,2010,Lab,14923
E14000671,2010,NF,173
E14000671,2010,UKIP,3267
E14000672,2010,Con,16450
E14000672,2010,LD,5989
E14000672,2010,Lab,12594
E14000672,2010,UKIP,3132
E14000673,2010,Con,10684
E14000673,2010,Grn,1266
E14000673,2010,LD,13096
E14000673,2010,Lab,22461
E14000673,2010,UKIP,707
E14000674,2010,Ch P,295
E14000674,2010,Con,17944
E14000674,2010,Grn,737
E14000674,2010,IEAC,190
E14000674,2010,LD,13041
E14000674,2010,Lab,14228
E14000674,2010,UKIP,765
E14000675,2010,BNP,1045
E14000675,2010,Ch P,415
E14000675,2010,Con,14722
E14000675,2010,Grn,505
E14000675,2010,LD,6283
E14000675,2010,Lab,24023
E14000675,2010,UKIP,685
E14000676,2010,Ch P,503
E14000676,2010,Con,12733
E14000676,2010,ED,408
E14000676,2010,Grn,705
E14000676,2010,LD,6383
E14000676,2010,Lab,22024
E14000677,2010,BNP,2317
E14000677,2010,Con,4790
E14000677,2010,LD,5597
E14000677,2010,Lab,20579
E14000677,2010,UKIP,1631
E14000678,2010,Con,25662
E14000678,2010,Grn,815
E14000678,2010,LD,16548
E14000678,2010,Lab,5721
E14000678,2010,UKIP,4346
E14000679,2010,Con,7645
E14000679,2010,ED,822
E14000679,2010,Grn,586
E14000679,2010,LD,5849
E14000679,2010,Lab,35471
E14000680,2010,Con,29137
E14000680,2010,ED,710
E14000680,2010,JAC,310
E14000680,2010,LD,15640
E14000680,2010,Lab,4043
E14000680,2010,UKIP,1477
E14000681,2010,Con,31007
E14000681,2010,Ind1,383
E14000681,2010,LD,14133
E14000681,2010,Lab,4925
E14000681,2010,MRLP,422
E14000681,2010,UKIP,3770
E14000682,2010,Con,23458
E14000682,2010,ED,389
E14000682,2010,Grn,1126
E14000682,2010,LD,12353
E14000682,2010,Lab,8087
E14000682,2010,UKIP,2984
E14000683,2010,BNP,1865
E14000683,2010,Con,24328
E14000683,2010,Grn,762
E14000683,2010,LD,10842
E14000683,2010,Lab,10401
E14000683,2010,Soc Dem,914
E14000683,2010,UKIP,2142
E14000684,2010,BNP,939
E14000684,2010,Con,21223
E14000684,2010,Ind1,1327
E14000684,2010,Ind2,101
E14000684,2010,Ind3,74
E14000684,2010,LD,24658
E14000684,2010,Lab,2497
E14000684,2010,UKIP,1305
E14000685,2010,Con,21102
E14000685,2010,ED,249
E14000685,2010,Ind1,154
E14000685,2010,LD,24966
E14000685,2010,Lab,5153
E14000685,2010,Nat Lib,93
E14000685,2010,UKIP,1933
E14000686,2010,Con,23472
E14000686,2010,LD,10217
E14000686,2010,Lab,9794
E14000686,2010,UKIP,1931
E14000687,2010,Ch P,350
E14000687,2010,Con,12052
E14000687,2010,Grn,516
E14000687,2010,Ind1,127
E14000687,2010,LD,4252
E14000687,2010,Lab,21665
E14000687,2010,Reform,379
E14000687,2010,UKIP,1036
E14000688,2010,Con,15419
E14000688,2010,Ind1,782
E14000688,2010,LD,6663
E14000688,2010,Lab,19750
E14000688,2010,UKIP,1619
E14000689,2010,BNP,1802
E14000689,2010,Con,23778
E14000689,2010,Ind1,250
E14000689,2010,LD,9109
E14000689,2010,Lab,19257
E14000689,2010,UKIP,1593
E14000690,2010,BNP,1745
E14000690,2010,Con,15753
E14000690,2010,ED,217
E14000690,2010,Grn,419
E14000690,2010,Ind1,104
E14000690,2010,LD,5299
E14000690,2010,Lab,17416
E14000690,2010,UKIP,1011
E14000691,2010,BNP,1228
E14000691,2010,Ch P,161
E14000691,2010,Con,18804
E14000691,2010,ED,131
E14000691,2010,Grn,489
E14000691,2010,Ind1,91
E14000691,2010,LD,5403
E14000691,2010,Lab,17112
E14000691,2010,UKIP,938
E14000691,2010,WRP,96
E14000692,2010,BB,35
E14000692,2010,Con,21928
E14000692,2010,ED,173
E14000692,2010,Grn,632
E14000692,2010,Ind1,391
E14000692,2010,LD,6124
E14000692,2010,Lab,14302
E14000692,2010,ND,88
E14000692,2010,Respect,174
E14000692,2010,UKIP,505
E14000693,2010,BNP,1982
E14000693,2010,Con,25148
E14000693,2010,ED,285
E14000693,2010,Grn,659
E14000693,2010,LD,10017
E14000693,2010,Lab,6641
E14000693,2010,UKIP,1852
E14000694,2010,Con,30868
E14000694,2010,LD,14734
E14000694,2010,Lab,6538
E14000694,2010,RRG,266
E14000694,2010,UKIP,2549
E14000695,2010,BNP,2337
E14000695,2010,Con,18805
E14000695,2010,Grn,534
E14000695,2010,Ind1,464
E14000695,2010,LD,8343
E14000695,2010,Lab,16304
E14000695,2010,UKIP,855
E14000696,2010,BNP,2184
E14000696,2010,CPA,379
E14000696,2010,Con,13365
E14000696,2010,ED,465
E14000696,2010,Grn,322
E14000696,2010,LD,5116
E14000696,2010,Lab,19068
E14000696,2010,ND,438
E14000696,2010,UKIP,1139
E14000697,2010,Best,230
E14000697,2010,Con,32134
E14000697,2010,ED,307
E14000697,2010,Ind1,378
E14000697,2010,LD,13541
E14000697,2010,Lab,5829
E14000697,2010,MRLP,341
E14000697,2010,UKIP,1783
E14000698,2010,BNP,673
E14000698,2010,Con,17221
E14000698,2010,Grn,792
E14000698,2010,LD,10581
E14000698,2010,Lab,19942
E14000698,2010,Lib,1108
E14000698,2010,UKIP,1930
E14000699,2010,Con,30037
E14000699,2010,ED,618
E14000699,2010,Grn,791
E14000699,2010,LD,12945
E14000699,2010,Lab,7719
E14000699,2010,UKIP,2235
E14000700,2010,Con,26250
E14000700,2010,Grn,890
E14000700,2010,LD,9162
E14000700,2010,Lab,7748
E14000700,2010,MRLP,398
E14000700,2010,NF,542
E14000700,2010,UKIP,1722
E14000701,2010,BNP,1714
E14000701,2010,Con,16516
E14000701,2010,Grn,530
E14000701,2010,Ind1,505
E14000701,2010,Ind2,180
E14000701,2010,Ind3,168
E14000701,2010,LD,6679
E14000701,2010,Lab,21174
E14000701,2010,UKIP,992
E14000701,2010,WRP,78
E14000702,2010,BNP,1328
E14000702,2010,Ch P,199
E14000702,2010,Con,19686
E14000702,2010,Grn,441
E14000702,2010,LD,12197
E14000702,2010,Lab,12772
E14000702,2010,ND,172
E14000702,2010,UKIP,1506
E14000703,2010,Con,21688
E14000703,2010,Grn,737
E14000703,2010,LD,8036
E14000703,2010,Lab,15879
E14000703,2010,UKIP,817
E14000704,2010,BNP,1662
E14000704,2010,Con,26109
E14000704,2010,Grn,637
E14000704,2010,Ind1,247
E14000704,2010,LD,15987
E14000704,2010,Lab,5719
E14000704,2010,UKIP,2439
E14000705,2010,Con,22853
E14000705,2010,Grn,923
E14000705,2010,LD,10676
E14000705,2010,Lab,11789
E14000705,2010,UKIP,2522
E14000706,2010,Con,22826
E14000706,2010,Grn,654
E14000706,2010,LD,9641
E14000706,2010,Lab,8624
E14000706,2010,UKIP,1945
E14000707,2010,BNP,1512
E14000707,2010,Con,24266
E14000707,2010,LD,13707
E14000707,2010,Lab,7701
E14000707,2010,UKIP,2065
E14000708,2010,Con,6908
E14000708,2010,LD,8616
E14000708,2010,Lab,25493
E14000708,2010,Respect,268
E14000708,2010,UKIP,1540
E14000709,2010,BNP,1787
E14000709,2010,Ch P,131
E14000709,2010,Con,5716
E14000709,2010,Grn,379
E14000709,2010,LD,8163
E14000709,2010,Lab,20712
E14000709,2010,TUSC,266
E14000709,2010,UKIP,1103
E14000710,2010,BNP,1598
E14000710,2010,Con,17962
E14000710,2010,LD,7350
E14000710,2010,Lab,19821
E14000710,2010,UKIP,1459
E14000711,2010,BNP,1149
E14000711,2010,Con,21624
E14000711,2010,ED,464
E14000711,2010,Grn,356
E14000711,2010,LD,8484
E14000711,2010,Lab,12944
E14000711,2010,MEDI,109
E14000711,2010,ND,141
E14000711,2010,UKIP,1515
E14000712,2010,Con,20267
E14000712,2010,ED,564
E14000712,2010,Grn,511
E14000712,2010,LD,9767
E14000712,2010,Lab,17847
E14000712,2010,UKIP,1808
E14000713,2010,BNP,1004
E14000713,2010,Con,24300
E14000713,2010,ED,622
E14000713,2010,Grn,573
E14000713,2010,Ind1,493
E14000713,2010,Ind2,331
E14000713,2010,Ind3,289
E14000713,2010,LD,9887
E14000713,2010,Lab,7944
E14000713,2010,UKIP,1496
E14000714,2010,BNP,2485
E14000714,2010,Con,26552
E14000714,2010,LD,11726
E14000714,2010,LIND,929
E14000714,2010,Lab,9503
E14000714,2010,UKIP,1604
E14000715,2010,Con,22956
E14000715,2010,ED,1005
E14000715,2010,Grn,675
E14000715,2010,Ind1,465
E14000715,2010,LD,6293
E14000715,2010,Lab,13644
E14000715,2010,UKIP,2265
E14000716,2010,BNP,1517
E14000716,2010,Con,10063
E14000716,2010,Ind1,835
E14000716,2010,LD,7388
E14000716,2010,Lab,10777
E14000716,2010,PNDP,331
E14000716,2010,UKIP,2043
E14000717,2010,BNP,1421
E14000717,2010,Con,18571
E14000717,2010,Grn,416
E14000717,2010,LD,6188
E14000717,2010,LTT,100
E14000717,2010,Lab,14295
E14000717,2010,UKIP,2066
E14000718,2010,BNP,1151
E14000718,2010,Ch P,443
E14000718,2010,Con,10109
E14000718,2010,ED,339
E14000718,2010,Grn,1054
E14000718,2010,Ind1,65
E14000718,2010,LD,7498
E14000718,2010,Lab,20262
E14000718,2010,TUSC,267
E14000719,2010,Con,29618
E14000719,2010,LD,21836
E14000719,2010,Lab,2812
E14000719,2010,PPNV,280
E14000719,2010,UKIP,1021
E14000720,2010,Ch P,299
E14000720,2010,Con,6759
E14000720,2010,Grn,2133
E14000720,2010,Ind1,96
E14000720,2010,Ind2,61
E14000720,2010,LD,11092
E14000720,2010,Lab,25553
E14000720,2010,MCP,28
E14000720,2010,MRLP,182
E14000720,2010,ND,258
E14000721,2010,Ch P,434
E14000721,2010,Comm L,110
E14000721,2010,Con,5800
E14000721,2010,DDP,202
E14000721,2010,Grn,1493
E14000721,2010,Ind1,95
E14000721,2010,Ind2,26
E14000721,2010,Ind3,20
E14000721,2010,LD,9600
E14000721,2010,Lab,23888
E14000721,2010,Lib,539
E14000721,2010,UKIP,651
E14000722,2010,Con,18115
E14000722,2010,Ind1,433
E14000722,2010,LD,6515
E14000722,2010,Lab,16092
E14000722,2010,UKIP,2824
E14000723,2010,BNP,2760
E14000723,2010,Con,14806
E14000723,2010,IVH,722
E14000723,2010,LD,8335
E14000723,2010,Lab,16278
E14000723,2010,UKIP,654
E14000724,2010,BNP,1583
E14000724,2010,Con,24486
E14000724,2010,ED,1485
E14000724,2010,Grn,669
E14000724,2010,LD,12884
E14000724,2010,Lab,7630
E14000725,2010,BNP,1563
E14000725,2010,Con,8339
E14000725,2010,Grn,647
E14000725,2010,LD,5718
E14000725,2010,Lab,23843
E14000725,2010,UKIP,1228
E14000726,2010,BNP,432
E14000726,2010,Con,17261
E14000726,2010,Grn,696
E14000726,2010,Ind1,135
E14000726,2010,LD,7567
E14000726,2010,Lab,20810
E14000726,2010,UKIP,551
E14000727,2010,BNP,328
E14000727,2010,Con,17290
E14000727,2010,Grn,759
E14000727,2010,Ind1,91
E14000727,2010,LD,16491
E14000727,2010,Lab,17332
E14000727,2010,TOC,123
E14000727,2010,UKIP,408
E14000728,2010,BNP,1715
E14000728,2010,Con,26894
E14000728,2010,ED,568
E14000728,2010,Ind1,228
E14000728,2010,LD,17097
E14000728,2010,Lab,6981
E14000728,2010,UKIP,1462
E14000729,2010,BNP,1739
E14000729,2010,Ch P,101
E14000729,2010,Con,19691
E14000729,2010,LD,5990
E14000729,2010,Lab,14766
E14000729,2010,UKIP,1591
E14000730,2010,BNP,1094
E14000730,2010,Con,24305
E14000730,2010,LD,23266
E14000730,2010,Lab,3413
E14000730,2010,UKIP,1056
E14000731,2010,Con,21435
E14000731,2010,Grn,793
E14000731,2010,LD,6850
E14000731,2010,Lab,18032
E14000731,2010,UKIP,896
E14000732,2010,Con,16968
E14000732,2010,Grn,625
E14000732,2010,LD,7458
E14000732,2010,Lab,20111
E14000732,2010,UKIP,954
E14000733,2010,BNP,2002
E14000733,2010,Con,10758
E14000733,2010,LD,6533
E14000733,2010,Lab,16267
E14000733,2010,UKIP,2682
E14000734,2010,BNP,1065
E14000734,2010,Con,23001
E14000734,2010,Grn,909
E14000734,2010,Ind1,170
E14000734,2010,LD,11554
E14000734,2010,Lab,9774
E14000734,2010,UKIP,2527
E14000735,2010,BNP,1310
E14000735,2010,Con,20468
E14000735,2010,ED,339
E14000735,2010,LD,7825
E14000735,2010,Lab,18475
E14000735,2010,UKIP,1397
E14000736,2010,Con,22433
E14000736,2010,ED,809
E14000736,2010,LD,10273
E14000736,2010,Lab,7777
E14000736,2010,UKIP,2611
E14000737,2010,BNP,1520
E14000737,2010,Ch P,83
E14000737,2010,Con,12553
E14000737,2010,ED,464
E14000737,2010,Grn,348
E14000737,2010,LD,3726
E14000737,2010,Lab,23377
E14000737,2010,NF,566
E14000738,2010,Con,14114
E14000738,2010,LD,20485
E14000738,2010,Lab,5234
E14000738,2010,UKIP,2148
E14000739,2010,BNP,1615
E14000739,2010,Con,24721
E14000739,2010,Ind1,271
E14000739,2010,LD,11315
E14000739,2010,Lab,10295
E14000739,2010,UKIP,1254
E14000740,2010,BNP,3059
E14000740,2010,Con,10662
E14000740,2010,Ind1,3946
E14000740,2010,LD,5667
E14000740,2010,Lab,20506
E14000741,2010,Con,19635
E14000741,2010,Grn,518
E14000741,2010,LD,5734
E14000741,2010,Lab,19529
E14000741,2010,UKIP,958
E14000742,2010,BNP,1020
E14000742,2010,Con,30054
E14000742,2010,Grn,1328
E14000742,2010,LD,13466
E14000742,2010,Lab,5835
E14000742,2010,UKIP,1817
E14000743,2010,BNP,986
E14000743,2010,Con,22366
E14000743,2010,LD,19885
E14000743,2010,Lab,3506
E14000743,2010,UKIP,1638
E14000744,2010,BNP,1297
E14000744,2010,Con,29810
E14000744,2010,Ind1,325
E14000744,2010,Ind2,236
E14000744,2010,LD,14373
E14000744,2010,Lab,7620
E14000744,2010,UKIP,1716
E14000745,2010,BNP,1397
E14000745,2010,Con,26476
E14000745,2010,Grn,604
E14000745,2010,LD,8210
E14000745,2010,Lab,8871
E14000745,2010,UKIP,1712
E14000746,2010,BNP,1205
E14000746,2010,Con,18795
E14000746,2010,Ind1,1974
E14000746,2010,Ind2,249
E14000746,2010,LD,13007
E14000746,2010,Lab,8253
E14000747,2010,BNP,3239
E14000747,2010,Con,12528
E14000747,2010,Ind1,170
E14000747,2010,LD,10474
E14000747,2010,Lab,18499
E14000747,2010,UKIP,1215
E14000748,2010,Con,20587
E14000748,2010,Grn,922
E14000748,2010,Ind1,161
E14000748,2010,LD,10993
E14000748,2010,Lab,15910
E14000748,2010,ND,74
E14000748,2010,UKIP,1690
E14000749,2010,CURE,108
E14000749,2010,Con,29869
E14000749,2010,Grn,807
E14000749,2010,Ind1,109
E14000749,2010,Ind2,50
E14000749,2010,LD,14598
E14000749,2010,Lab,7413
E14000749,2010,UKIP,1663
E14000749,2010,YRDPL,90
E14000750,2010,BNP,779
E14000750,2010,Con,11134
E14000750,2010,ED,75
E14000750,2010,Grn,1480
E14000750,2010,Ind1,96
E14000750,2010,Ind2,44
E14000750,2010,LD,15256
E14000750,2010,Lab,25198
E14000750,2010,UKIP,587
E14000751,2010,BNP,3421
E14000751,2010,Ch P,281
E14000751,2010,Con,27469
E14000751,2010,Grn,542
E14000751,2010,Ind1,305
E14000751,2010,LD,7426
E14000751,2010,Lab,11098
E14000751,2010,UKIP,2848
E14000752,2010,Con,9174
E14000752,2010,Grn,1261
E14000752,2010,Ind1,201
E14000752,2010,Ind2,91
E14000752,2010,LD,25595
E14000752,2010,Lab,18720
E14000753,2010,Ch P,469
E14000753,2010,Con,29447
E14000753,2010,Grn,570
E14000753,2010,Ind1,87
E14000753,2010,LD,17987
E14000753,2010,Lab,4189
E14000753,2010,PPNV,253
E14000753,2010,UKIP,2839
E14000754,2010,BNP,1961
E14000754,2010,Con,8147
E14000754,2010,Ind1,2462
E14000754,2010,LD,5292
E14000754,2010,Lab,19137
E14000754,2010,UKIP,1022
E14000755,2010,Con,18294
E14000755,2010,Grn,2568
E14000755,2010,Ind1,85
E14000755,2010,LD,11240
E14000755,2010,Lab,16426
E14000755,2010,UKIP,1206
E14000756,2010,BNP,1563
E14000756,2010,Con,11253
E14000756,2010,Grn,1641
E14000756,2010,LD,10023
E14000756,2010,Lab,15725
E14000756,2010,TUSC,319
E14000757,2010,APP,181
E14000757,2010,Con,26516
E14000757,2010,Grn,652
E14000757,2010,Ind1,1432
E14000757,2010,LD,15697
E14000757,2010,Lab,5982
E14000757,2010,MRLP,548
E14000757,2010,UKIP,3258
E14000758,2010,BNP,2137
E14000758,2010,CPA,795
E14000758,2010,Con,14441
E14000758,2010,ED,413
E14000758,2010,Grn,463
E14000758,2010,Ind1,378
E14000758,2010,LD,5033
E14000758,2010,Lab,17531
E14000758,2010,UKIP,1481
E14000759,2010,BNP,1545
E14000759,2010,CPA,456
E14000759,2010,Con,21506
E14000759,2010,Grn,572
E14000759,2010,LD,5966
E14000759,2010,Lab,16102
E14000759,2010,UKIP,871
E14000760,2010,Con,14014
E14000760,2010,Grn,1319
E14000760,2010,LD,8679
E14000760,2010,Lab,25301
E14000760,2010,SKGP,746
E14000760,2010,UKIP,1132
E14000761,2010,BNP,1270
E14000761,2010,Ch P,149
E14000761,2010,Con,18371
E14000761,2010,Grn,775
E14000761,2010,Ind1,93
E14000761,2010,Ind2,70
E14000761,2010,LD,8556
E14000761,2010,Lab,16292
E14000761,2010,UKIP,1365
E14000762,2010,BNP,1457
E14000762,2010,Con,32810
E14000762,2010,ED,1233
E14000762,2010,Grn,931
E14000762,2010,Ind1,175
E14000762,2010,Ind2,89
E14000762,2010,Ind3,66
E14000762,2010,LD,22283
E14000762,2010,Lab,8169
E14000762,2010,MEP,616
E14000762,2010,UKIP,2435
E14000763,2010,Con,6339
E14000763,2010,Grn,1348
E14000763,2010,LD,11875
E14000763,2010,Lab,24276
E14000763,2010,UKIP,716
E14000764,2010,AC,149
E14000764,2010,Con,8449
E14000764,2010,ED,301
E14000764,2010,Grn,710
E14000764,2010,LD,14838
E14000764,2010,Lab,18407
E14000764,2010,UKIP,701
E14000765,2010,BNP,2709
E14000765,2010,Con,8002
E14000765,2010,LD,7163
E14000765,2010,Lab,20910
E14000766,2010,BNP,1962
E14000766,2010,Con,20003
E14000766,2010,LD,7059
E14000766,2010,Lab,17063
E14000766,2010,NF,135
E14000766,2010,UKIP,1470
E14000767,2010,Con,25945
E14000767,2010,Grn,568
E14000767,2010,Ind1,362
E14000767,2010,LD,13393
E14000767,2010,Lab,6949
E14000767,2010,UKIP,1214
E14000768,2010,AGS,197
E14000768,2010,Con,17595
E14000768,2010,Grn,753
E14000768,2010,LD,6872
E14000768,2010,Lab,8979
E14000768,2010,UKIP,754
E14000769,2010,BNP,1366
E14000769,2010,BP Elvis,112
E14000769,2010,Con,23247
E14000769,2010,ED,952
E14000769,2010,LD,7498
E14000769,2010,Lab,14153
E14000770,2010,CPA,226
E14000770,2010,Con,20868
E14000770,2010,Grn,555
E14000770,2010,LD,28428
E14000770,2010,Lab,5337
E14000770,2010,MRLP,247
E14000770,2010,UKIP,1450
E14000771,2010,Con,5667
E14000771,2010,ED,715
E14000771,2010,LD,7790
E14000771,2010,Lab,16387
E14000771,2010,NF,880
E14000771,2010,UKIP,2745
E14000772,2010,BNP,1443
E14000772,2010,Con,4365
E14000772,2010,ED,200
E14000772,2010,Grn,478
E14000772,2010,LD,12403
E14000772,2010,Lab,13044
E14000772,2010,UKIP,1358
E14000773,2010,BNP,1416
E14000773,2010,Con,6361
E14000773,2010,ED,876
E14000773,2010,LD,7636
E14000773,2010,Lab,13378
E14000773,2010,TUSC,150
E14000773,2010,UKIP,1688
E14000774,2010,BNP,1311
E14000774,2010,Con,19362
E14000774,2010,ED,333
E14000774,2010,Grn,383
E14000774,2010,LD,8072
E14000774,2010,Lab,16917
E14000774,2010,UKIP,1528
E14000775,2010,BNP,1895
E14000775,2010,Con,4004
E14000775,2010,LD,5964
E14000775,2010,Lab,31650
E14000775,2010,UKIP,1145
E14000776,2010,BNP,938
E14000776,2010,Con,15404
E14000776,2010,Grn,1888
E14000776,2010,Ind1,213
E14000776,2010,LD,8167
E14000776,2010,Lab,15071
E14000776,2010,UKIP,1020
E14000777,2010,BNP,3066
E14000777,2010,Con,7541
E14000777,2010,Ind1,409
E14000777,2010,LD,7789
E14000777,2010,Lab,18434
E14000777,2010,ND,155
E14000778,2010,AGS,429
E14000778,2010,BNP,2947
E14000778,2010,Con,8763
E14000778,2010,LD,6618
E14000778,2010,Lab,19056
E14000779,2010,AGS,596
E14000779,2010,BNP,758
E14000779,2010,Con,15742
E14000779,2010,LD,9310
E14000779,2010,Lab,20287
E14000779,2010,UKIP,842
E14000780,2010,AGS,121
E14000780,2010,BNP,766
E14000780,2010,Con,11550
E14000780,2010,ED,153
E14000780,2010,Grn,508
E14000780,2010,LD,20653
E14000780,2010,Lab,9132
E14000780,2010,UKIP,600
E14000781,2010,BNP,2377
E14000781,2010,Con,7641
E14000781,2010,Grn,1832
E14000781,2010,LD,9373
E14000781,2010,Lab,16389
E14000781,2010,UKIP,1140
E14000782,2010,BNP,1700
E14000782,2010,Con,11722
E14000782,2010,Grn,733
E14000782,2010,LD,6817
E14000782,2010,Lab,25804
E14000782,2010,UKIP,725
E14000782,2010,UPS,494
E14000783,2010,BNP,1418
E14000783,2010,Con,10066
E14000783,2010,Grn,770
E14000783,2010,LD,12671
E14000783,2010,Lab,21479
E14000783,2010,UKIP,720
E14000784,2010,BNP,2158
E14000784,2010,Con,9728
E14000784,2010,Grn,639
E14000784,2010,Ind1,181
E14000784,2010,Ind2,108
E14000784,2010,LD,8107
E14000784,2010,Lab,13745
E14000784,2010,Pirate,113
E14000784,2010,TUSC,157
E14000784,2010,UKIP,883
E14000785,2010,BNP,2724
E14000785,2010,Ch P,137
E14000785,2010,Con,9284
E14000785,2010,Ind1,988
E14000785,2010,Ind2,320
E14000785,2010,LD,8049
E14000785,2010,Lab,21295
E14000785,2010,UKIP,1535
E14000786,2010,BNP,594
E14000786,2010,Con,18401
E14000786,2010,Grn,729
E14000786,2010,Ind1,80
E14000786,2010,LD,26048
E14000786,2010,Lab,2508
E14000786,2010,UKIP,1728
E14000787,2010,CNPG,332
E14000787,2010,Con,9850
E14000787,2010,ED,426
E14000787,2010,Grn,624
E14000787,2010,LD,11750
E14000787,2010,Lab,17966
E14000787,2010,UKIP,771
E14000788,2010,CPA,317
E14000788,2010,Con,11489
E14000788,2010,Grn,931
E14000788,2010,LD,12673
E14000788,2010,Lab,18501
E14000788,2010,UKIP,1117
E14000789,2010,CPA,487
E14000789,2010,Con,5551
E14000789,2010,Grn,2772
E14000789,2010,LD,9633
E14000789,2010,Lab,22132
E14000789,2010,Soc Alt,645
E14000790,2010,BNP,561
E14000790,2010,Ch P,342
E14000790,2010,Con,8928
E14000790,2010,Grn,562
E14000790,2010,IFED,80
E14000790,2010,LD,11095
E14000790,2010,Lab,17511
E14000790,2010,UKIP,1080
E14000791,2010,Con,28048
E14000791,2010,LD,10365
E14000791,2010,Lab,10230
E14000791,2010,UKIP,2920
E14000792,2010,BNP,1367
E14000792,2010,Con,17163
E14000792,2010,ED,604
E14000792,2010,Ind1,222
E14000792,2010,LD,9256
E14000792,2010,Lab,16105
E14000792,2010,UKIP,1004
E14000793,2010,BNP,706
E14000793,2010,Con,4243
E14000793,2010,Grn,1355
E14000793,2010,LD,8825
E14000793,2010,Lab,22998
E14000793,2010,UKIP,674
E14000794,2010,BNP,1104
E14000794,2010,CPA,297
E14000794,2010,Con,2241
E14000794,2010,LD,4891
E14000794,2010,Lab,24709
E14000794,2010,TUSC,195
E14000794,2010,UKIP,898
E14000795,2010,BNP,150
E14000795,2010,Con,2830
E14000795,2010,Grn,598
E14000795,2010,Ind1,149
E14000795,2010,LD,12965
E14000795,2010,Lab,20132
E14000795,2010,Soc Lab,200
E14000795,2010,UKIP,890
E14000796,2010,Con,3311
E14000796,2010,LD,4486
E14000796,2010,Lab,22953
E14000796,2010,Lib,3327
E14000796,2010,Soc Lab,614
E14000796,2010,UKIP,1093
E14000797,2010,BNP,2040
E14000797,2010,Con,21971
E14000797,2010,LD,9675
E14000797,2010,Lab,18227
E14000797,2010,UKIP,925
E14000798,2010,BNP,2199
E14000798,2010,Con,25065
E14000798,2010,ED,517
E14000798,2010,LD,11194
E14000798,2010,LIND,576
E14000798,2010,Lab,8760
E14000798,2010,UKIP,2183
E14000799,2010,BNP,1016
E14000799,2010,Con,25720
E14000799,2010,Grn,447
E14000799,2010,LD,15971
E14000799,2010,Lab,3272
E14000799,2010,MRLP,179
E14000799,2010,UKIP,2127
E14000800,2010,BNP,1316
E14000800,2010,Con,13672
E14000800,2010,Grn,490
E14000800,2010,LD,4784
E14000800,2010,Lab,21192
E14000800,2010,UKIP,1564
E14000801,2010,BNP,1299
E14000801,2010,Con,12396
E14000801,2010,Grn,366
E14000801,2010,Ind1,1872
E14000801,2010,Ind2,463
E14000801,2010,Ind3,264
E14000801,2010,Ind4,130
E14000801,2010,Ind5,84
E14000801,2010,LD,9567
E14000801,2010,Lab,14725
E14000801,2010,UKIP,975
E14000801,2010,WRP,75
E14000802,2010,Con,23503
E14000802,2010,Grn,840
E14000802,2010,LD,11544
E14000802,2010,Lab,10164
E14000802,2010,MACI,2590
E14000802,2010,UKIP,1418
E14000803,2010,BNP,825
E14000803,2010,Con,31937
E14000803,2010,FFR,270
E14000803,2010,Grn,482
E14000803,2010,LD,15168
E14000803,2010,Lab,3795
E14000803,2010,UKIP,1243
E14000804,2010,Ch P,131
E14000804,2010,Con,23491
E14000804,2010,Grn,655
E14000804,2010,LD,17602
E14000804,2010,Lab,4769
E14000804,2010,NF,643
E14000804,2010,UKIP,1637
E14000805,2010,BNP,3229
E14000805,2010,Con,8210
E14000805,2010,Ind1,3424
E14000805,2010,Ind2,1126
E14000805,2010,LD,7082
E14000805,2010,Lab,20700
E14000806,2010,BNP,1464
E14000806,2010,Con,28661
E14000806,2010,LD,9254
E14000806,2010,Lab,6070
E14000806,2010,UKIP,2446
E14000807,2010,BNP,1636
E14000807,2010,Con,4704
E14000807,2010,Grn,915
E14000807,2010,Ind1,120
E14000807,2010,LD,10620
E14000807,2010,Lab,21059
E14000807,2010,SEP,54
E14000807,2010,Soc Lab,153
E14000807,2010,UKIP,607
E14000807,2010,WRP,59
E14000808,2010,Ch P,254
E14000808,2010,Con,4224
E14000808,2010,Grn,1048
E14000808,2010,LD,12508
E14000808,2010,Lab,19211
E14000808,2010,Pirate,236
E14000808,2010,Respect,507
E14000808,2010,TUSC,337
E14000809,2010,Con,5005
E14000809,2010,Grn,798
E14000809,2010,Ind1,147
E14000809,2010,Ind2,57
E14000809,2010,LD,20110
E14000809,2010,Lab,18216
E14000809,2010,UKIP,698
E14000810,2010,BNP,2108
E14000810,2010,Con,12741
E14000810,2010,LD,7469
E14000810,2010,Lab,18753
E14000810,2010,MIF,4339
E14000810,2010,UKIP,2985
E14000811,2010,APP,255
E14000811,2010,Con,28818
E14000811,2010,ED,582
E14000811,2010,Ind1,134
E14000811,2010,LD,16693
E14000811,2010,Lab,3266
E14000811,2010,UKIP,1490
E14000812,2010,BNP,2511
E14000812,2010,Con,26956
E14000812,2010,Grn,678
E14000812,2010,LD,9278
E14000812,2010,Lab,10703
E14000812,2010,SMRA,658
E14000812,2010,UKIP,1378
E14000813,2010,Con,28815
E14000813,2010,ED,712
E14000813,2010,Grn,773
E14000813,2010,LD,13663
E14000813,2010,Lab,8108
E14000813,2010,UKIP,2826
E14000814,2010,BNP,1698
E14000814,2010,Con,22877
E14000814,2010,LD,9711
E14000814,2010,Lab,11585
E14000814,2010,MRLP,219
E14000814,2010,UKIP,1252
E14000815,2010,Con,20831
E14000815,2010,LD,21100
E14000815,2010,Lab,2748
E14000815,2010,UKIP,2109
E14000816,2010,BNP,1261
E14000816,2010,Con,25123
E14000816,2010,Grn,1457
E14000816,2010,LD,11267
E14000816,2010,Lab,8857
E14000816,2010,UKIP,2800
E14000817,2010,BNP,583
E14000817,2010,Con,28329
E14000817,2010,Grn,645
E14000817,2010,LD,20927
E14000817,2010,Lab,3689
E14000817,2010,MRLP,259
E14000817,2010,UKIP,1423
E14000818,2010,Con,27770
E14000818,2010,Grn,593
E14000818,2010,LD,11906
E14000818,2010,Lab,7613
E14000818,2010,UKIP,3049
E14000819,2010,BNP,1954
E14000819,2010,Con,6283
E14000819,2010,Ind1,1969
E14000819,2010,LD,6662
E14000819,2010,Lab,15351
E14000819,2010,UKIP,1236
E14000820,2010,BNP,1576
E14000820,2010,Con,16461
E14000820,2010,Ind1,818
E14000820,2010,LD,7340
E14000820,2010,Lab,18138
E14000820,2010,UKIP,1881
E14000821,2010,BNP,1154
E14000821,2010,CPA,206
E14000821,2010,Con,23419
E14000821,2010,Grn,733
E14000821,2010,Ind1,95
E14000821,2010,LD,11894
E14000821,2010,Lab,14458
E14000821,2010,MRLP,157
E14000821,2010,UKIP,1772
E14000822,2010,BNP,1502
E14000822,2010,CPA,245
E14000822,2010,Con,23034
E14000822,2010,Grn,774
E14000822,2010,LD,9787
E14000822,2010,Lab,17833
E14000822,2010,NFP,84
E14000822,2010,UKIP,2074
E14000823,2010,BNP,1386
E14000823,2010,Con,11056
E14000823,2010,Grn,381
E14000823,2010,Ind1,155
E14000823,2010,Ind2,38
E14000823,2010,LD,5202
E14000823,2010,Lab,24722
E14000823,2010,UKIP,857
E14000824,2010,Con,31263
E14000824,2010,Grn,895
E14000824,2010,LD,15610
E14000824,2010,Lab,3804
E14000824,2010,UKIP,2752
E14000825,2010,Con,18035
E14000825,2010,Grn,598
E14000825,2010,LD,5791
E14000825,2010,Lab,17169
E14000825,2010,UKIP,1843
E14000826,2010,BNP,3535
E14000826,2010,Con,17264
E14000826,2010,LD,8186
E14000826,2010,Lab,18365
E14000826,2010,UKIP,1506
E14000827,2010,Con,26443
E14000827,2010,Grn,1024
E14000827,2010,LD,15136
E14000827,2010,Lab,4915
E14000827,2010,UKIP,2518
E14000828,2010,Con,27980
E14000828,2010,Grn,1059
E14000828,2010,LD,11084
E14000828,2010,Lab,4666
E14000828,2010,UKIP,2783
E14000829,2010,Con,27590
E14000829,2010,LD,10246
E14000829,2010,Lab,11438
E14000829,2010,UKIP,1954
E14000830,2010,AD,95
E14000830,2010,Con,33057
E14000830,2010,Grn,490
E14000830,2010,Ind1,158
E14000830,2010,LD,20809
E14000830,2010,Lab,2505
E14000830,2010,UKIP,1475
E14000831,2010,BNP,2302
E14000831,2010,Con,6611
E14000831,2010,Grn,568
E14000831,2010,LD,8228
E14000831,2010,Lab,15694
E14000831,2010,UKIP,754
E14000832,2010,BNP,1342
E14000832,2010,Comm,177
E14000832,2010,Con,6068
E14000832,2010,Grn,620
E14000832,2010,LD,12590
E14000832,2010,Lab,17043
E14000833,2010,BNP,1890
E14000833,2010,Con,7966
E14000833,2010,Grn,319
E14000833,2010,LD,14536
E14000833,2010,Lab,17950
E14000833,2010,UKIP,1285
E14000834,2010,Con,14841
E14000834,2010,LD,8466
E14000834,2010,Lab,16393
E14000834,2010,UKIP,3491
E14000835,2010,Con,20774
E14000835,2010,Grn,701
E14000835,2010,Ind1,82
E14000835,2010,LD,20251
E14000835,2010,Lab,3387
E14000835,2010,UKIP,3088
E14000836,2010,BNP,3864
E14000836,2010,Con,11314
E14000836,2010,Ind1,1183
E14000836,2010,LD,7585
E14000836,2010,Lab,22293
E14000837,2010,Con,19531
E14000837,2010,LD,22512
E14000837,2010,Lab,1971
E14000837,2010,MK,530
E14000837,2010,UKIP,2300
E14000838,2010,BNP,614
E14000838,2010,Comm,96
E14000838,2010,Con,18484
E14000838,2010,ED,146
E14000838,2010,Grn,697
E14000838,2010,Ind1,588
E14000838,2010,LD,24305
E14000838,2010,Lab,2671
E14000838,2010,UKIP,3720
E14000839,2010,Con,27640
E14000839,2010,Grn,546
E14000839,2010,LD,20015
E14000839,2010,Lab,2910
E14000839,2010,MRLP,218
E14000839,2010,UKIP,2812
E14000840,2010,BNP,1686
E14000840,2010,Con,8622
E14000840,2010,LD,8617
E14000840,2010,Lab,20698
E14000840,2010,UKIP,1344
E14000841,2010,BNP,1265
E14000841,2010,Con,30989
E14000841,2010,LD,12047
E14000841,2010,Lab,8957
E14000841,2010,UKIP,2294
E14000842,2010,BNP,1747
E14000842,2010,Con,26862
E14000842,2010,ED,387
E14000842,2010,Ind1,566
E14000842,2010,LD,10437
E14000842,2010,Lab,9274
E14000842,2010,UKIP,2791
E14000843,2010,Con,15503
E14000843,2010,LD,10947
E14000843,2010,Lab,17948
E14000843,2010,UKIP,2636
E14000844,2010,Con,32075
E14000844,2010,LD,13478
E14000844,2010,Lab,5173
E14000844,2010,UKIP,2213
E14000845,2010,Con,26995
E14000845,2010,Grn,875
E14000845,2010,Ind1,209
E14000845,2010,Ind2,36
E14000845,2010,LD,11801
E14000845,2010,Lab,8291
E14000845,2010,UKIP,2075
E14000845,2010,YRDPL,143
E14000846,2010,Con,21130
E14000846,2010,Grn,670
E14000846,2010,LD,11433
E14000846,2010,Lab,16216
E14000846,2010,UKIP,1754
E14000847,2010,Con,24631
E14000847,2010,Grn,1533
E14000847,2010,Ind1,586
E14000847,2010,LD,14744
E14000847,2010,Lab,3373
E14000847,2010,UKIP,2701
E14000848,2010,Con,15928
E14000848,2010,Grn,508
E14000848,2010,Ind1,95
E14000848,2010,LD,27554
E14000848,2010,Lab,2896
E14000848,2010,UKIP,2680
E14000849,2010,BNP,1667
E14000849,2010,Con,26692
E14000849,2010,Grn,808
E14000849,2010,LD,10864
E14000849,2010,Lab,9406
E14000849,2010,UKIP,2432
E14000850,2010,Con,28549
E14000850,2010,LD,20687
E14000850,2010,Lab,6448
E14000850,2010,UKIP,2257
E14000851,2010,BNP,1542
E14000851,2010,Con,22408
E14000851,2010,Grn,487
E14000851,2010,LD,8668
E14000851,2010,Lab,15348
E14000851,2010,UKIP,1842
E14000852,2010,Con,22826
E14000852,2010,LD,8400
E14000852,2010,Lab,9298
E14000852,2010,UKIP,2819
E14000853,2010,BNP,1860
E14000853,2010,Con,8514
E14000853,2010,LD,10621
E14000853,2010,Lab,23505
E14000853,2010,NF,599
E14000853,2010,UKIP,1306
E14000854,2010,BNP,2106
E14000854,2010,Con,18993
E14000854,2010,ED,411
E14000854,2010,LD,5481
E14000854,2010,Lab,18939
E14000854,2010,UKIP,1335
E14000855,2010,Con,29425
E14000855,2010,ED,1407
E14000855,2010,LD,12748
E14000855,2010,Lab,9877
E14000855,2010,UKIP,4826
E14000856,2010,BNP,1852
E14000856,2010,Con,8766
E14000856,2010,Ind1,2472
E14000856,2010,LD,10927
E14000856,2010,Lab,18539
E14000856,2010,UKIP,1259
E14000857,2010,Con,31072
E14000857,2010,LD,12489
E14000857,2010,Lab,6980
E14000857,2010,UKIP,2751
E14000858,2010,BNP,3396
E14000858,2010,Con,23147
E14000858,2010,LD,8639
E14000858,2010,Lab,15636
E14000858,2010,UKIP,1134
E14000859,2010,BNP,1839
E14000859,2010,Con,25916
E14000859,2010,Grn,745
E14000859,2010,LD,11106
E14000859,2010,Lab,6353
E14000859,2010,UKIP,1841
E14000860,2010,Con,25114
E14000860,2010,Grn,599
E14000860,2010,Ind1,208
E14000860,2010,LD,17631
E14000860,2010,Lab,3239
E14000860,2010,UKIP,1908
E14000861,2010,BNP,1316
E14000861,2010,Ch P,98
E14000861,2010,Con,13735
E14000861,2010,Grn,443
E14000861,2010,Ind1,334
E14000861,2010,Ind2,58
E14000861,2010,LD,11250
E14000861,2010,Lab,11799
E14000861,2010,UKIP,1238
E14000862,2010,Con,15917
E14000862,2010,ED,618
E14000862,2010,Grn,363
E14000862,2010,Ind1,2242
E14000862,2010,Ind2,65
E14000862,2010,LD,7579
E14000862,2010,Lab,9913
E14000862,2010,NSPS,325
E14000862,2010,SMA,59
E14000862,2010,UKIP,1897
E14000863,2010,BNP,747
E14000863,2010,Ch P,118
E14000863,2010,Con,17280
E14000863,2010,Grn,1245
E14000863,2010,Ind1,143
E14000863,2010,LD,7783
E14000863,2010,Lab,13379
E14000863,2010,UKIP,1878
E14000864,2010,BNP,697
E14000864,2010,Con,10902
E14000864,2010,Grn,7095
E14000864,2010,LD,13960
E14000864,2010,Lab,13650
E14000864,2010,UKIP,1145
E14000864,2010,WRP,102
E14000865,2010,Ch P,125
E14000865,2010,Con,7846
E14000865,2010,Grn,928
E14000865,2010,LD,8053
E14000865,2010,Lab,15022
E14000865,2010,UKIP,1138
E14000866,2010,BNP,1944
E14000866,2010,Con,8508
E14000866,2010,LD,5849
E14000866,2010,Lab,16646
E14000866,2010,UKIP,1338
E14000867,2010,BNP,1140
E14000867,2010,Con,13437
E14000867,2010,Grn,630
E14000867,2010,LD,9406
E14000867,2010,Lab,15209
E14000867,2010,UKIP,967
E14000868,2010,BNP,2797
E14000868,2010,Con,18536
E14000868,2010,LD,6846
E14000868,2010,Lab,16467
E14000869,2010,BNP,2132
E14000869,2010,Con,24625
E14000869,2010,ED,520
E14000869,2010,Grn,371
E14000869,2010,ISQM,393
E14000869,2010,LD,6996
E14000869,2010,Lab,8768
E14000869,2010,MRLP,155
E14000869,2010,UKIP,1532
E14000870,2010,BNP,2546
E14000870,2010,Ch P,212
E14000870,2010,Con,11773
E14000870,2010,LD,14083
E14000870,2010,Lab,14186
E14000870,2010,UKIP,1720
E14000871,2010,BNP,3049
E14000871,2010,Con,10151
E14000871,2010,LD,8193
E14000871,2010,Lab,19503
E14000871,2010,Respect,627
E14000871,2010,UKIP,1387
E14000872,2010,BNP,1241
E14000872,2010,Con,29200
E14000872,2010,ED,199
E14000872,2010,Grn,511
E14000872,2010,LD,12000
E14000872,2010,Lab,4400
E14000872,2010,UKIP,1360
E14000873,2010,Con,9727
E14000873,2010,EPA,73
E14000873,2010,Grn,1238
E14000873,2010,LD,17357
E14000873,2010,Lab,21938
E14000873,2010,SEP,116
E14000873,2010,UKIP,1202
E14000874,2010,APP,143
E14000874,2010,Con,23906
E14000874,2010,Grn,1184
E14000874,2010,LD,23730
E14000874,2010,Lab,5999
E14000874,2010,UKIP,1518
E14000875,2010,BNP,2894
E14000875,2010,Ch P,141
E14000875,2010,Con,17512
E14000875,2010,LD,9095
E14000875,2010,Lab,13927
E14000875,2010,UKIP,1476
E14000876,2010,BNP,2207
E14000876,2010,Con,14516
E14000876,2010,ED,492
E14000876,2010,LD,9800
E14000876,2010,Lab,17565
E14000876,2010,UKIP,1936
E14000877,2010,BNP,1093
E14000877,2010,Con,24071
E14000877,2010,LD,12830
E14000877,2010,Lab,5834
E14000877,2010,UKIP,1259
E14000878,2010,Con,18133
E14000878,2010,ED,770
E14000878,2010,Grn,523
E14000878,2010,Ind1,406
E14000878,2010,LD,8816
E14000878,2010,Lab,13272
E14000878,2010,UKIP,3007
E14000879,2010,BNP,1438
E14000879,2010,Con,13845
E14000879,2010,Grn,398
E14000879,2010,LD,7016
E14000879,2010,Lab,15433
E14000879,2010,Soc Lab,208
E14000879,2010,UKIP,3188
E14000880,2010,Con,15050
E14000880,2010,Grn,904
E14000880,2010,Ind1,233
E14000880,2010,LD,10829
E14000880,2010,Lab,13901
E14000880,2010,Soc Lab,123
E14000880,2010,UKIP,2854
E14000881,2010,BNP,1188
E14000881,2010,Con,22532
E14000881,2010,Ind1,177
E14000881,2010,LD,14991
E14000881,2010,Lab,6041
E14000881,2010,UKIP,2507
E14000882,2010,Con,12649
E14000882,2010,ED,470
E14000882,2010,Grn,449
E14000882,2010,Ind1,293
E14000882,2010,Ind2,167
E14000882,2010,Ind3,59
E14000882,2010,LD,5209
E14000882,2010,Lab,18679
E14000882,2010,Respect,8160
E14000882,2010,UKIP,565
E14000883,2010,Con,19533
E14000883,2010,ED,1040
E14000883,2010,Grn,461
E14000883,2010,LD,8874
E14000883,2010,Lab,12244
E14000883,2010,TUSC,154
E14000883,2010,UKIP,1812
E14000884,2010,BNP,873
E14000884,2010,Con,13721
E14000884,2010,ED,400
E14000884,2010,Grn,716
E14000884,2010,JAC,117
E14000884,2010,LD,18921
E14000884,2010,Lab,5640
E14000884,2010,UKIP,876
E14000885,2010,Ch P,272
E14000885,2010,Con,7060
E14000885,2010,Ind1,108
E14000885,2010,LD,7935
E14000885,2010,Lab,15668
E14000885,2010,UKIP,1462
E14000886,2010,BNP,1549
E14000886,2010,Con,18874
E14000886,2010,LD,10224
E14000886,2010,Lab,17215
E14000886,2010,UKIP,1221
E14000887,2010,BNP,459
E14000887,2010,Con,21223
E14000887,2010,Grn,591
E14000887,2010,LD,6907
E14000887,2010,Lab,11170
E14000887,2010,UKIP,435
E14000888,2010,BNP,2160
E14000888,2010,Con,30257
E14000888,2010,ED,2219
E14000888,2010,LD,7919
E14000888,2010,Lab,7577
E14000888,2010,UKIP,2211
E14000889,2010,Con,21269
E14000889,2010,Grn,1069
E14000889,2010,Ind1,111
E14000889,2010,Ind2,57
E14000889,2010,LD,13664
E14000889,2010,Lab,12729
E14000889,2010,UKIP,1086
E14000890,2010,CSP,852
E14000890,2010,Con,20523
E14000890,2010,Grn,582
E14000890,2010,LD,9546
E14000890,2010,Lab,14519
E14000890,2010,UKIP,1508
E14000891,2010,BNP,1475
E14000891,2010,Con,5790
E14000891,2010,LD,18955
E14000891,2010,Lab,13741
E14000891,2010,TUSC,127
E14000891,2010,UKIP,1875
E14000892,2010,BNP,1394
E14000892,2010,Ch P,101
E14000892,2010,Con,19138
E14000892,2010,ED,255
E14000892,2010,Grn,393
E14000892,2010,Ind1,100
E14000892,2010,LD,7750
E14000892,2010,Lab,13317
E14000892,2010,Nobody,73
E14000892,2010,UKIP,1497
E14000893,2010,BNP,1345
E14000893,2010,Con,26688
E14000893,2010,Grn,1087
E14000893,2010,LD,13097
E14000893,2010,Lab,5672
E14000893,2010,UKIP,2089
E14000894,2010,Con,26298
E14000894,2010,LD,10732
E14000894,2010,Lab,11529
E14000894,2010,ND,232
E14000894,2010,UKIP,3496
E14000895,2010,Con,33541
E14000895,2010,Grn,1516
E14000895,2010,LD,10205
E14000895,2010,Lab,8150
E14000896,2010,CPA,133
E14000896,2010,Con,29461
E14000896,2010,Grn,572
E14000896,2010,Ind1,84
E14000896,2010,LD,25370
E14000896,2010,Lab,2979
E14000896,2010,UKIP,669
E14000897,2010,Con,8305
E14000897,2010,IZB,545
E14000897,2010,Ind1,313
E14000897,2010,LD,15810
E14000897,2010,Lab,16699
E14000897,2010,NF,2236
E14000897,2010,UKIP,1999
E14000898,2010,Con,23604
E14000898,2010,ED,2182
E14000898,2010,Grn,734
E14000898,2010,LD,7800
E14000898,2010,Lab,13651
E14000899,2010,BNP,1856
E14000899,2010,Con,19509
E14000899,2010,Grn,707
E14000899,2010,Ind1,611
E14000899,2010,LD,8084
E14000899,2010,Lab,8459
E14000899,2010,UKIP,2405
E14000900,2010,BNP,2438
E14000900,2010,Con,26031
E14000900,2010,ED,603
E14000900,2010,Grn,447
E14000900,2010,Ind1,151
E14000900,2010,Ind2,112
E14000900,2010,LD,5572
E14000900,2010,Lab,9077
E14000900,2010,UKIP,2050
E14000901,2010,Con,24345
E14000901,2010,LD,20189
E14000901,2010,Lab,3116
E14000901,2010,UKIP,1289
E14000902,2010,Con,19691
E14000902,2010,ED,663
E14000902,2010,Impact,243
E14000902,2010,Ind1,113
E14000902,2010,LD,8541
E14000902,2010,Lab,15198
E14000902,2010,NF,1062
E14000902,2010,UKIP,1617
E14000903,2010,BNP,3606
E14000903,2010,Con,13281
E14000903,2010,LD,8111
E14000903,2010,Lab,19147
E14000903,2010,UKIP,2613
E14000904,2010,BNP,3906
E14000904,2010,Con,6279
E14000904,2010,Ind1,2366
E14000904,2010,LD,5994
E14000904,2010,Lab,16741
E14000904,2010,UKIP,2220
E14000905,2010,BNP,1375
E14000905,2010,Con,20901
E14000905,2010,Grn,451
E14000905,2010,LD,9434
E14000905,2010,Lab,14901
E14000905,2010,UKIP,406
E14000906,2010,Ch P,198
E14000906,2010,Con,28866
E14000906,2010,Grn,740
E14000906,2010,LD,8345
E14000906,2010,Lab,9806
E14000906,2010,NF,899
E14000906,2010,UKIP,1351
E14000907,2010,Con,26915
E14000907,2010,Grn,696
E14000907,2010,Ind1,541
E14000907,2010,LD,10406
E14000907,2010,Lab,6446
E14000907,2010,UKIP,3146
E14000908,2010,Con,27470
E14000908,2010,Grn,1251
E14000908,2010,LD,11659
E14000908,2010,Lab,11128
E14000908,2010,UKIP,2179
E14000909,2010,BNP,1757
E14000909,2010,Con,28228
E14000909,2010,Ind1,588
E14000909,2010,LD,14228
E14000909,2010,Lab,7893
E14000909,2010,UKIP,2526
E14000910,2010,BNP,1050
E14000910,2010,Con,30155
E14000910,2010,Grn,735
E14000910,2010,LD,14913
E14000910,2010,Lab,5288
E14000910,2010,UKIP,2228
E14000911,2010,BNP,2632
E14000911,2010,Con,8497
E14000911,2010,ED,621
E14000911,2010,Ind1,384
E14000911,2010,LD,10930
E14000911,2010,Lab,16655
E14000911,2010,TUSC,730
E14000911,2010,UKIP,1084
E14000912,2010,BNP,765
E14000912,2010,Con,23859
E14000912,2010,Grn,506
E14000912,2010,Ind1,257
E14000912,2010,Ind2,119
E14000912,2010,LD,17893
E14000912,2010,Lab,3690
E14000912,2010,UKIP,1392
E14000913,2010,AGS,111
E14000913,2010,BNP,1445
E14000913,2010,Con,21108
E14000913,2010,Grn,734
E14000913,2010,Ind1,329
E14000913,2010,LD,11093
E14000913,2010,Lab,12978
E14000913,2010,UKIP,1484
E14000914,2010,BNP,1447
E14000914,2010,Con,12091
E14000914,2010,Grn,396
E14000914,2010,LD,6774
E14000914,2010,Lab,14640
E14000914,2010,UKIP,1686
E14000915,2010,BNP,2075
E14000915,2010,Con,9445
E14000915,2010,LD,8033
E14000915,2010,Lab,18141
E14000915,2010,ND,1049
E14000915,2010,UKIP,1479
E14000916,2010,Con,16445
E14000916,2010,LD,9656
E14000916,2010,Lab,20307
E14000916,2010,UKIP,2055
E14000917,2010,BNP,1377
E14000917,2010,Con,25562
E14000917,2010,ED,677
E14000917,2010,LD,9180
E14000917,2010,Lab,13297
E14000917,2010,UKIP,1635
E14000918,2010,BNP,1384
E14000918,2010,Con,28076
E14000918,2010,ED,806
E14000918,2010,Ind1,258
E14000918,2010,LD,10561
E14000918,2010,Lab,6541
E14000918,2010,UKIP,1782
E14000919,2010,BNP,903
E14000919,2010,Con,4206
E14000919,2010,Grn,1556
E14000919,2010,Ind1,40
E14000919,2010,LD,16973
E14000919,2010,Lab,17138
E14000919,2010,UKIP,652
E14000920,2010,BNP,2345
E14000920,2010,Comm,139
E14000920,2010,Con,7202
E14000920,2010,LD,9664
E14000920,2010,Lab,20169
E14000920,2010,UKIP,1889
E14000921,2010,BNP,3026
E14000921,2010,Con,4468
E14000921,2010,LD,7768
E14000921,2010,Lab,21400
E14000921,2010,TUSC,656
E14000921,2010,UKIP,1596
E14000922,2010,Ch P,250
E14000922,2010,Con,12040
E14000922,2010,ED,586
E14000922,2010,Grn,919
E14000922,2010,Ind1,429
E14000922,2010,LD,27324
E14000922,2010,Lab,8228
E14000922,2010,MRLP,164
E14000922,2010,UKIP,1195
E14000923,2010,BNP,2260
E14000923,2010,Con,7081
E14000923,2010,Grn,989
E14000923,2010,LD,11602
E14000923,2010,Lab,17409
E14000923,2010,UKIP,1530
E14000924,2010,BNP,1754
E14000924,2010,Con,19211
E14000924,2010,Ind1,219
E14000924,2010,LD,7283
E14000924,2010,Lab,18997
E14000924,2010,UKIP,1490
E14000925,2010,Con,24002
E14000925,2010,Grn,1477
E14000925,2010,LD,9890
E14000925,2010,Lab,14058
E14000926,2010,BNP,1168
E14000926,2010,Con,23313
E14000926,2010,Grn,565
E14000926,2010,Impact,88
E14000926,2010,LD,15369
E14000926,2010,Lab,10915
E14000926,2010,UKIP,1627
E14000927,2010,BNP,1305
E14000927,2010,Con,24313
E14000927,2010,Ind1,158
E14000927,2010,LD,7943
E14000927,2010,Lab,11930
E14000927,2010,MRLP,319
E14000927,2010,UKIP,2610
E14000928,2010,BNP,1403
E14000928,2010,Con,27685
E14000928,2010,Ind1,315
E14000928,2010,LD,17735
E14000928,2010,Lab,5498
E14000928,2010,UKIP,1909
E14000928,2010,VCCA,84
E14000928,2010,Youth,95
E14000929,2010,BNP,1977
E14000929,2010,Con,30719
E14000929,2010,LD,10814
E14000929,2010,LIND,3806
E14000929,2010,Lab,10051
E14000929,2010,UKIP,2163
E14000930,2010,Ch P,495
E14000930,2010,Con,16361
E14000930,2010,Grn,542
E14000930,2010,LD,6943
E14000930,2010,Lab,21884
E14000930,2010,UKIP,1517
E14000931,2010,BNP,1624
E14000931,2010,Con,23460
E14000931,2010,LD,23635
E14000931,2010,Lab,4891
E14000931,2010,SMRA,319
E14000931,2010,UKIP,1200
E14000932,2010,Con,26976
E14000932,2010,ILEU,236
E14000932,2010,LD,28793
E14000932,2010,Lab,2675
E14000932,2010,UKIP,1932
E14000933,2010,BNP,2518
E14000933,2010,Con,19624
E14000933,2010,LD,5977
E14000933,2010,Lab,13852
E14000933,2010,ND,125
E14000933,2010,UKIP,2639
E14000934,2010,Con,27995
E14000934,2010,Grn,1039
E14000934,2010,Ind1,1968
E14000934,2010,LD,20157
E14000934,2010,Lab,6024
E14000934,2010,UKIP,1873
E14000935,2010,BNP,2193
E14000935,2010,Con,22935
E14000935,2010,LD,8012
E14000935,2010,Lab,15807
E14000935,2010,Soc Lab,266
E14000935,2010,UKIP,1206
E14000936,2010,Con,22667
E14000936,2010,Grn,595
E14000936,2010,LD,9557
E14000936,2010,Lab,15224
E14000936,2010,UKIP,2034
E14000936,2010,Vote,233
E14000937,2010,CPA,489
E14000937,2010,Con,27629
E14000937,2010,Grn,766
E14000937,2010,Ind1,517
E14000937,2010,LD,21683
E14000937,2010,Lab,4380
E14000937,2010,UKIP,2138
E14000938,2010,Con,22390
E14000938,2010,Grn,826
E14000938,2010,LD,19170
E14000938,2010,Lab,3507
E14000938,2010,MK,641
E14000938,2010,UKIP,3083
E14000939,2010,BNP,1796
E14000939,2010,Con,29639
E14000939,2010,Grn,724
E14000939,2010,LD,7759
E14000939,2010,Lab,7024
E14000939,2010,UKIP,3246
E14000940,2010,BNP,2721
E14000940,2010,Con,27000
E14000940,2010,LD,11476
E14000940,2010,Lab,11392
E14000940,2010,UKIP,1988
E14000941,2010,BNP,1086
E14000941,2010,Con,27133
E14000941,2010,Grn,1000
E14000941,2010,LD,16193
E14000941,2010,Lab,7252
E14000941,2010,UKIP,2329
E14000942,2010,Con,33081
E14000942,2010,ED,735
E14000942,2010,Grn,685
E14000942,2010,LD,12603
E14000942,2010,Lab,10380
E14000942,2010,UKIP,2406
E14000943,2010,BNP,1054
E14000943,2010,Con,23396
E14000943,2010,LD,7271
E14000943,2010,Lab,17842
E14000943,2010,UKIP,1895
E14000944,2010,BNP,2382
E14000944,2010,Con,7886
E14000944,2010,FAWG,91
E14000944,2010,Grn,762
E14000944,2010,Ind1,729
E14000944,2010,Ind2,168
E14000944,2010,LD,5189
E14000944,2010,Lab,18995
E14000944,2010,ND,316
E14000945,2010,BNP,1928
E14000945,2010,Con,26834
E14000945,2010,Ind1,254
E14000945,2010,LD,8427
E14000945,2010,Lab,10244
E14000945,2010,UKIP,2753
E14000946,2010,Con,24550
E14000946,2010,LD,15861
E14000946,2010,Lab,7368
E14000946,2010,UKIP,3637
E14000947,2010,Ch P,176
E14000947,2010,Con,19687
E14000947,2010,Grn,619
E14000947,2010,Ind1,160
E14000947,2010,LD,8305
E14000947,2010,Lab,16143
E14000947,2010,UKIP,2029
E14000948,2010,Con,22043
E14000948,2010,LD,6935
E14000948,2010,Lab,14426
E14000948,2010,UKIP,2529
E14000949,2010,BNP,1703
E14000949,2010,Con,26815
E14000949,2010,LD,10166
E14000949,2010,Lab,9948
E14000949,2010,UKIP,2142
E14000950,2010,Con,27908
E14000950,2010,Grn,641
E14000950,2010,LD,12034
E14000950,2010,Lab,6193
E14000950,2010,UKIP,3084
E14000951,2010,BNP,1302
E14000951,2010,Con,30773
E14000951,2010,Ind1,846
E14000951,2010,LD,15853
E14000951,2010,Lab,6526
E14000951,2010,UKIP,1450
E14000952,2010,BNP,1774
E14000952,2010,Con,23753
E14000952,2010,Grn,830
E14000952,2010,LD,10613
E14000952,2010,Lab,9119
E14000952,2010,UKIP,3061
E14000953,2010,BNP,644
E14000953,2010,Con,33605
E14000953,2010,Grn,690
E14000953,2010,LD,17287
E14000953,2010,Lab,3419
E14000953,2010,ND,34
E14000953,2010,Pirate,94
E14000953,2010,UKIP,1486
E14000954,2010,Con,25321
E14000954,2010,Ind1,446
E14000954,2010,LD,14954
E14000954,2010,Lab,5613
E14000954,2010,UKIP,2684
E14000955,2010,Con,16134
E14000955,2010,Grn,600
E14000955,2010,LD,9256
E14000955,2010,Lab,16326
E14000955,2010,TUSC,168
E14000955,2010,UKIP,1928
E14000956,2010,Con,14588
E14000956,2010,Grn,881
E14000956,2010,Ind1,126
E14000956,2010,LD,9865
E14000956,2010,Lab,17001
E14000956,2010,UKIP,1726
E14000957,2010,BNP,1333
E14000957,2010,Con,20086
E14000957,2010,ED,546
E14000957,2010,Grn,644
E14000957,2010,Ind1,617
E14000957,2010,LD,12816
E14000957,2010,Lab,5850
E14000957,2010,UKIP,1714
E14000958,2010,Con,15683
E14000958,2010,LD,21707
E14000958,2010,Lab,4116
E14000958,2010,UKIP,2251
E14000959,2010,Best,244
E14000959,2010,CIP,167
E14000959,2010,Con,22261
E14000959,2010,IFED,102
E14000959,2010,Ind1,314
E14000959,2010,LD,12242
E14000959,2010,Lab,7789
E14000959,2010,TUSC,176
E14000959,2010,UKIP,4009
E14000960,2010,Con,21533
E14000960,2010,Grn,758
E14000960,2010,LD,19228
E14000960,2010,Lab,9288
E14000960,2010,UKIP,2028
E14000961,2010,BNP,1022
E14000961,2010,Con,18877
E14000961,2010,LD,20189
E14000961,2010,Lab,3386
E14000961,2010,MK,2007
E14000961,2010,UKIP,1757
E14000962,2010,Con,9940
E14000962,2010,LD,8992
E14000962,2010,Lab,23041
E14000962,2010,Soc Lab,483
E14000962,2010,UKIP,2100
E14000963,2010,BNP,2040
E14000963,2010,Con,8209
E14000963,2010,LD,10242
E14000963,2010,Lab,24364
E14000963,2010,UKIP,1226
E14000964,2010,Con,17900
E14000964,2010,Cor D,396
E14000964,2010,Grn,1308
E14000964,2010,LD,19619
E14000964,2010,Lab,3751
E14000964,2010,MK,387
E14000964,2010,UKIP,2560
E14000965,2010,BNP,1103
E14000965,2010,Con,22047
E14000965,2010,Grn,564
E14000965,2010,LD,8211
E14000965,2010,Lab,16587
E14000965,2010,UKIP,1727
E14000966,2010,Con,19793
E14000966,2010,LD,7338
E14000966,2010,Lab,13104
E14000966,2010,UKIP,3580
E14000967,2010,BNP,2259
E14000967,2010,Con,13445
E14000967,2010,Grn,679
E14000967,2010,LD,6965
E14000967,2010,Lab,16189
E14000967,2010,UKIP,1342
E14000968,2010,BNP,1007
E14000968,2010,Con,18491
E14000968,2010,ED,366
E14000968,2010,Ind1,80
E14000968,2010,LD,7432
E14000968,2010,Lab,14913
E14000968,2010,NCDV,327
E14000968,2010,UKIP,2004
E14000968,2010,YRDPL,31
E14000969,2010,BNP,1201
E14000969,2010,Con,9913
E14000969,2010,Grn,677
E14000969,2010,LD,9778
E14000969,2010,Lab,16697
E14000969,2010,UKIP,862
E14000970,2010,BNP,1724
E14000970,2010,Con,10247
E14000970,2010,ED,1129
E14000970,2010,Ind1,1577
E14000970,2010,LD,6342
E14000970,2010,Lab,16923
E14000970,2010,UKIP,1556
E14000971,2010,BNP,1553
E14000971,2010,Ch P,302
E14000971,2010,Con,19577
E14000971,2010,Ind1,536
E14000971,2010,LD,7600
E14000971,2010,Lab,19245
E14000971,2010,UKIP,1471
E14000972,2010,BNP,2502
E14000972,2010,CITY,303
E14000972,2010,Con,6833
E14000972,2010,Ind1,959
E14000972,2010,Ind2,295
E14000972,2010,LD,7039
E14000972,2010,Lab,12605
E14000972,2010,ND,399
E14000972,2010,TUSC,133
E14000972,2010,UKIP,1402
E14000973,2010,BNP,3196
E14000973,2010,Con,9580
E14000973,2010,LD,7120
E14000973,2010,Lab,17815
E14000973,2010,UKIP,2485
E14000974,2010,BNP,3762
E14000974,2010,Con,11316
E14000974,2010,Ind1,434
E14000974,2010,LD,6323
E14000974,2010,Lab,15446
E14000974,2010,SIG,1208
E14000974,2010,UKIP,1363
E14000975,2010,Con,23890
E14000975,2010,Grn,490
E14000975,2010,LD,10598
E14000975,2010,Lab,9770
E14000975,2010,UKIP,2481
E14000976,2010,BNP,1696
E14000976,2010,Con,20153
E14000976,2010,Grn,394
E14000976,2010,Ind1,166
E14000976,2010,LD,7733
E14000976,2010,Lab,14989
E14000976,2010,UKIP,2103
E14000977,2010,BNP,1097
E14000977,2010,Con,26052
E14000977,2010,ED,473
E14000977,2010,Grn,527
E14000977,2010,Ind1,1032
E14000977,2010,LD,14706
E14000977,2010,Lab,4809
E14000977,2010,UKIP,1846
E14000978,2010,Ch P,237
E14000978,2010,Con,8578
E14000978,2010,ED,229
E14000978,2010,Grn,861
E14000978,2010,LD,16778
E14000978,2010,Lab,20037
E14000978,2010,WRP,117
E14000979,2010,Ch P,178
E14000979,2010,Con,12886
E14000979,2010,Grn,916
E14000979,2010,LD,7601
E14000979,2010,Lab,21821
E14000979,2010,UKIP,1508
E14000980,2010,Con,23679
E14000980,2010,Grn,1542
E14000980,2010,Ind1,116
E14000980,2010,LD,8955
E14000980,2010,Lab,22380
E14000980,2010,UKIP,1301
E14000981,2010,Con,25475
E14000981,2010,Grn,1103
E14000981,2010,LD,16347
E14000981,2010,Lab,8812
E14000981,2010,UKIP,3156
E14000982,2010,BNP,1913
E14000982,2010,Con,12770
E14000982,2010,LD,7191
E14000982,2010,Lab,19495
E14000982,2010,UKIP,1094
E14000983,2010,Con,31326
E14000983,2010,LD,14037
E14000983,2010,Lab,5552
E14000983,2010,UKIP,3432
E14000984,2010,BNP,1014
E14000984,2010,CPA,52
E14000984,2010,Con,20548
E14000984,2010,ED,106
E14000984,2010,Grn,246
E14000984,2010,IFED,19
E14000984,2010,LD,22156
E14000984,2010,Lab,3376
E14000984,2010,Libert,41
E14000984,2010,UKIP,950
E14000985,2010,BNP,1749
E14000985,2010,Con,27303
E14000985,2010,Grn,535
E14000985,2010,LD,9117
E14000985,2010,Lab,10298
E14000985,2010,UKIP,1587
E14000986,2010,Ch P,235
E14000986,2010,Con,21238
E14000986,2010,LD,7516
E14000986,2010,Lab,15148
E14000986,2010,UKIP,2253
E14000987,2010,Con,24687
E14000987,2010,Ind1,2243
E14000987,2010,LD,10200
E14000987,2010,Lab,7803
E14000987,2010,Poet,298
E14000988,2010,Con,24538
E14000988,2010,LD,28531
E14000988,2010,Lab,2967
E14000988,2010,UKIP,2114
E14000989,2010,BNP,1513
E14000989,2010,Con,14996
E14000989,2010,LD,6399
E14000989,2010,Lab,15974
E14000989,2010,UKIP,2428
E14000990,2010,Con,25472
E14000990,2010,Grn,525
E14000990,2010,LD,19162
E14000990,2010,Lab,6253
E14000990,2010,MRLP,319
E14000990,2010,UKIP,2230
E14000991,2010,Con,29075
E14000991,2010,Grn,940
E14000991,2010,Ind1,428
E14000991,2010,LD,16211
E14000991,2010,Lab,5886
E14000991,2010,UKIP,2292
E14000992,2010,BNP,1505
E14000992,2010,Con,21922
E14000992,2010,LD,8019
E14000992,2010,Lab,12472
E14000992,2010,UKIP,2050
E14000993,2010,Con,20167
E14000993,2010,LD,8886
E14000993,2010,Lab,5169
E14000993,2010,Lib,1418
E14000993,2010,UKIP,2502
E14000994,2010,Con,17916
E14000994,2010,IFED,126
E14000994,2010,LD,25032
E14000994,2010,Lab,3385
E14000994,2010,ND,58
E14000994,2010,UKIP,1709
E14000995,2010,BNP,3618
E14000995,2010,Ch P,266
E14000995,2010,Con,16869
E14000995,2010,LD,4901
E14000995,2010,Lab,16777
E14000995,2010,UKIP,3390
E14000996,2010,Con,27614
E14000996,2010,Grn,802
E14000996,2010,LD,18294
E14000996,2010,Lab,4907
E14000996,2010,UKIP,3277
E14000997,2010,Con,29723
E14000997,2010,ED,390
E14000997,2010,Grn,764
E14000997,2010,LD,11545
E14000997,2010,Lab,6476
E14000997,2010,NF,505
E14000997,2010,UKIP,1911
E14000998,2010,Ch P,171
E14000998,2010,Con,19514
E14000998,2010,Grn,609
E14000998,2010,Ind1,190
E14000998,2010,LD,7509
E14000998,2010,Lab,22038
E14000998,2010,UKIP,624
E14000999,2010,BNP,709
E14000999,2010,Con,19048
E14000999,2010,Grn,468
E14000999,2010,LD,23126
E14000999,2010,Lab,3231
E14000999,2010,UKIP,2628
E14001000,2010,BNP,766
E14001000,2010,Con,25230
E14001000,2010,Grn,1050
E14001000,2010,LD,22273
E14001000,2010,Lab,2917
E14001000,2010,UKIP,3021
E14001001,2010,BNP,624
E14001001,2010,Con,21940
E14001001,2010,Grn,1181
E14001001,2010,Ind1,390
E14001001,2010,Ind2,267
E14001001,2010,LD,17013
E14001001,2010,Lab,3538
E14001001,2010,UKIP,2890
E14001002,2010,Ch P,262
E14001002,2010,Con,6064
E14001002,2010,Grn,980
E14001002,2010,IPT,265
E14001002,2010,Ind1,143
E14001002,2010,Ind2,125
E14001002,2010,LD,7197
E14001002,2010,Lab,24128
E14001002,2010,TUSC,1057
E14001002,2010,UKIP,466
E14001003,2010,Con,20349
E14001003,2010,Grn,858
E14001003,2010,LD,19914
E14001003,2010,Lab,4697
E14001003,2010,MK,1039
E14001003,2010,UKIP,1911
E14001004,2010,BNP,704
E14001004,2010,Con,28302
E14001004,2010,Grn,914
E14001004,2010,Ind1,172
E14001004,2010,LD,12726
E14001004,2010,Lab,5448
E14001004,2010,UKIP,2054
E14001005,2010,BNP,654
E14001005,2010,CURE,76
E14001005,2010,Con,20343
E14001005,2010,Grn,674
E14001005,2010,LD,32483
E14001005,2010,Lab,4583
E14001005,2010,MCP,40
E14001005,2010,UKIP,868
E14001006,2010,BNP,1404
E14001006,2010,Con,18121
E14001006,2010,Grn,538
E14001006,2010,LD,7845
E14001006,2010,Lab,23860
E14001006,2010,UKIP,900
E14001007,2010,BNP,1396
E14001007,2010,Con,21758
E14001007,2010,ED,403
E14001007,2010,Grn,477
E14001007,2010,LD,8995
E14001007,2010,Lab,10542
E14001007,2010,NF,271
E14001007,2010,UKIP,1234
E14001008,2010,APP,96
E14001008,2010,AWP,109
E14001008,2010,Ch P,200
E14001008,2010,Con,9301
E14001008,2010,ED,289
E14001008,2010,Grn,708
E14001008,2010,LD,10847
E14001008,2010,Lab,21498
E14001008,2010,Soc,143
E14001009,2010,BNP,2581
E14001009,2010,Con,15841
E14001009,2010,Grn,873
E14001009,2010,Ind1,439
E14001009,2010,LD,7256
E14001009,2010,Lab,17454
E14001010,2010,Con,13071
E14001010,2010,Ind1,107
E14001010,2010,LD,5693
E14001010,2010,Lab,21578
E14001010,2010,UKIP,1205
E14001011,2010,BNP,2930
E14001011,2010,Ch P,144
E14001011,2010,Con,12395
E14001011,2010,D Lab,842
E14001011,2010,LD,4754
E14001011,2010,Lab,13385
E14001011,2010,UKIP,1737
E14001012,2010,Ch P,482
E14001012,2010,Con,14456
E14001012,2010,LD,5880
E14001012,2010,Lab,16211
E14001012,2010,ND,404
E14001012,2010,UKIP,3449
E14001013,2010,Ch P,248
E14001013,2010,Con,5734
E14001013,2010,Grn,767
E14001013,2010,Ind1,117
E14001013,2010,LD,11774
E14001013,2010,Lab,21252
E14001013,2010,TUSC,279
E14001013,2010,UKIP,823
E14001014,2010,BNP,1418
E14001014,2010,Ch P,142
E14001014,2010,Con,6714
E14001014,2010,Grn,601
E14001014,2010,Ind1,359
E14001014,2010,LD,10517
E14001014,2010,Lab,17548
E14001014,2010,UKIP,974
E14001015,2010,Con,29284
E14001015,2010,Grn,1044
E14001015,2010,LD,15737
E14001015,2010,Lab,7855
E14001015,2010,UKIP,2421
E14001016,2010,Con,9484
E14001016,2010,LD,5929
E14001016,2010,Lab,20240
E14001016,2010,UKIP,2617
E14001017,2010,Con,13364
E14001017,2010,Ind1,1516
E14001017,2010,LD,9196
E14001017,2010,Lab,20135
E14001018,2010,Con,19641
E14001018,2010,Grn,427
E14001018,2010,LD,15094
E14001018,2010,Lab,18088
E14001018,2010,UKIP,1624
E14001019,2010,Con,20876
E14001019,2010,Grn,693
E14001019,2010,Ind1,197
E14001019,2010,LD,8977
E14001019,2010,Lab,17363
E14001019,2010,UKIP,926
E14001020,2010,BNP,1913
E14001020,2010,Con,8157
E14001020,2010,LD,6382
E14001020,2010,Lab,19615
E14001020,2010,UKIP,1267
E14001021,2010,BNP,1217
E14001021,2010,Con,19291
E14001021,2010,Grn,885
E14001021,2010,LD,17866
E14001021,2010,Lab,14750
E14001021,2010,UKIP,1199
E14001022,2010,Con,20571
E14001022,2010,Grn,1167
E14001022,2010,Ind1,106
E14001022,2010,LD,6811
E14001022,2010,Lab,19802
E14001022,2010,UKIP,2684
E14001023,2010,Con,31090
E14001023,2010,Grn,1383
E14001023,2010,LD,13911
E14001023,2010,Lab,5266
E14001023,2010,UKIP,3319
E14001024,2010,BNP,1063
E14001024,2010,Con,16953
E14001024,2010,Grn,338
E14001024,2010,Ind1,270
E14001024,2010,Ind2,133
E14001024,2010,Ind3,57
E14001024,2010,LD,8196
E14001024,2010,Lab,15962
E14001024,2010,UKIP,1018
E14001025,2010,BNP,1596
E14001025,2010,Con,24918
E14001025,2010,ED,530
E14001025,2010,Grn,480
E14001025,2010,Ind1,240
E14001025,2010,Ind2,33
E14001025,2010,LD,8848
E14001025,2010,Lab,13131
E14001025,2010,TUSC,249
E14001025,2010,UKIP,1636
E14001026,2010,BNP,1004
E14001026,2010,Con,23760
E14001026,2010,Grn,631
E14001026,2010,LD,24560
E14001026,2010,Lab,4198
E14001026,2010,UKIP,1711
E14001027,2010,Con,27894
E14001027,2010,Grn,796
E14001027,2010,Ind1,158
E14001027,2010,LD,8010
E14001027,2010,Lab,10471
E14001027,2010,UKIP,1643
E14001028,2010,BNP,3189
E14001028,2010,Con,7396
E14001028,2010,LD,6787
E14001028,2010,Lab,21316
E14001028,2010,UKIP,3418
E14001029,2010,BNP,2205
E14001029,2010,Con,10961
E14001029,2010,ED,1150
E14001029,2010,LD,4993
E14001029,2010,Lab,17657
E14001029,2010,UKIP,984
E14001030,2010,BNP,3394
E14001030,2010,Con,10612
E14001030,2010,LD,4336
E14001030,2010,Lab,16263
E14001030,2010,UKIP,1566
E14001031,2010,Con,27287
E14001031,2010,Grn,675
E14001031,2010,LD,23364
E14001031,2010,Lab,3815
E14001031,2010,UKIP,2196
E14001032,2010,CPA,1327
E14001032,2010,Con,6888
E14001032,2010,Grn,645
E14001032,2010,Ind1,1245
E14001032,2010,Ind2,177
E14001032,2010,LD,5392
E14001032,2010,Lab,29422
E14001032,2010,NF,1089
E14001032,2010,UKIP,766
E14001033,2010,C28,217
E14001033,2010,Con,17540
E14001033,2010,Grn,485
E14001033,2010,LD,6573
E14001033,2010,Lab,21883
E14001033,2010,UKIP,1775
E14001034,2010,BNP,1428
E14001034,2010,CPA,373
E14001034,2010,Con,24312
E14001034,2010,Ind1,540
E14001034,2010,LD,11262
E14001034,2010,Lab,7089
E14001034,2010,UKIP,3085
E14001035,2010,Con,27213
E14001035,2010,Grn,641
E14001035,2010,LD,20459
E14001035,2010,Lab,3661
E14001035,2010,UKIP,2119
E14001036,2010,BNP,334
E14001036,2010,Ch P,98
E14001036,2010,Con,15251
E14001036,2010,ED,99
E14001036,2010,Grn,478
E14001036,2010,Ind1,101
E14001036,2010,Ind2,32
E14001036,2010,LD,5513
E14001036,2010,Lab,17377
E14001036,2010,UKIP,315
E14001037,2010,Con,18632
E14001037,2010,LD,30896
E14001037,2010,Lab,1158
E14001037,2010,UKIP,801
E14001038,2010,BNP,1098
E14001038,2010,Con,23356
E14001038,2010,ED,275
E14001038,2010,Ind1,144
E14001038,2010,LD,20665
E14001038,2010,Lab,5772
E14001038,2010,UKIP,1406
E14001039,2010,BNP,2506
E14001039,2010,Con,10917
E14001039,2010,LD,6797
E14001039,2010,Lab,21404
E14001039,2010,UKIP,2516
E14001040,2010,Ch P,235
E14001040,2010,Con,23257
E14001040,2010,Grn,590
E14001040,2010,LD,11849
E14001040,2010,Lab,10550
E14001040,2010,UKIP,914
E14001041,2010,Con,27155
E14001041,2010,ED,503
E14001041,2010,LD,24107
E14001041,2010,Lab,3051
E14001041,2010,UKIP,1139
E14001042,2010,BNP,950
E14001042,2010,Con,30172
E14001042,2010,Grn,628
E14001042,2010,Ind1,198
E14001042,2010,LD,11118
E14001042,2010,Lab,4910
E14001042,2010,UKIP,1612
E14001043,2010,Con,15745
E14001043,2010,LD,6611
E14001043,2010,Lab,16276
E14001043,2010,UKIP,1274
E14001044,2010,CSP,321
E14001044,2010,Con,16726
E14001044,2010,Ind1,506
E14001044,2010,LD,6630
E14001044,2010,Lab,14290
E14001044,2010,UKIP,899
E14001045,2010,Con,24448
E14001045,2010,Grn,1419
E14001045,2010,LD,9252
E14001045,2010,Lab,8656
E14001045,2010,UKIP,3060
E14001046,2010,Con,33973
E14001046,2010,Grn,2385
E14001046,2010,Ind1,166
E14001046,2010,Ind2,151
E14001046,2010,Ind3,53
E14001046,2010,LD,11233
E14001046,2010,Lab,7511
E14001046,2010,MRLP,234
E14001046,2010,UKIP,2001
E14001046,2010,Wessex Reg,62
E14001047,2010,Con,26551
E14001047,2010,LD,19744
E14001047,2010,Lab,4246
E14001047,2010,MCP,44
E14001047,2010,PPNV,204
E14001047,2010,UKIP,1997
E14001048,2010,Con,28754
E14001048,2010,Grn,567
E14001048,2010,Ind1,2340
E14001048,2010,Ind2,96
E14001048,2010,LD,15262
E14001048,2010,Lab,5516
E14001048,2010,MRLP,329
E14001048,2010,UKIP,1664
E14001049,2010,BNP,2296
E14001049,2010,Con,11964
E14001049,2010,LD,4711
E14001049,2010,Lab,14448
E14001049,2010,Soc Lab,337
E14001049,2010,UKIP,1138
E14001050,2010,Con,9912
E14001050,2010,Ind1,338
E14001050,2010,LD,5277
E14001050,2010,Lab,16505
E14001050,2010,UKIP,2675
E14001051,2010,Con,16344
E14001051,2010,EPA,246
E14001051,2010,LD,6430
E14001051,2010,Lab,15653
E14001051,2010,UKIP,1487
E14001052,2010,BNP,1219
E14001052,2010,Con,19358
E14001052,2010,Grn,735
E14001052,2010,Ind1,129
E14001052,2010,Ind2,99
E14001052,2010,LD,9525
E14001052,2010,Lab,16376
E14001052,2010,Pirate,173
E14001052,2010,UKIP,1360
E14001053,2010,BNP,1496
E14001053,2010,Con,13290
E14001053,2010,ED,414
E14001053,2010,LD,5318
E14001053,2010,Lab,17865
E14001053,2010,UKIP,876
E14001054,2010,Con,13555
E14001054,2010,ED,1334
E14001054,2010,LD,6883
E14001054,2010,Lab,17892
E14001054,2010,UKIP,2037
E14001055,2010,Ch P,300
E14001055,2010,Con,25416
E14001055,2010,Grn,996
E14001055,2010,LD,13687
E14001055,2010,Lab,5800
E14001055,2010,UKIP,2924
E14001056,2010,Con,23423
E14001056,2010,Ind1,228
E14001056,2010,Ind2,188
E14001056,2010,LD,13863
E14001056,2010,Lab,8326
E14001056,2010,UKIP,2123
E14001057,2010,Con,26877
E14001057,2010,LD,11033
E14001057,2010,Lab,10932
E14001057,2010,UKIP,2466
E14001058,2010,BNP,1120
E14001058,2010,Con,18793
E14001058,2010,ICHC,16150
E14001058,2010,LD,6040
E14001058,2010,Lab,7298
E14001058,2010,UKIP,1498
E14001059,2010,BNP,1572
E14001059,2010,Con,10412
E14001059,2010,LD,9107
E14001059,2010,Lab,17987
E14001059,2010,TUSC,268
E14001059,2010,UKIP,1405
E14001060,2010,BNP,1162
E14001060,2010,Con,18807
E14001060,2010,LD,31843
E14001060,2010,Lab,2991
E14001060,2010,UKIP,2357
E14001061,2010,BNP,1171
E14001061,2010,Con,12122
E14001061,2010,Grn,1669
E14001061,2010,LD,11694
E14001061,2010,Lab,18573
E14001061,2010,MRLP,154
E14001061,2010,UKIP,1100
E14001062,2010,BNP,956
E14001062,2010,Con,22912
E14001062,2010,LD,19224
E14001062,2010,Lab,9108
E14001062,2010,UKIP,1100
W07000042,2010,BNP,844
W07000042,2010,Con,12811
W07000042,2010,LD,5747
W07000042,2010,Lab,15083
W07000042,2010,PC,1844
W07000042,2010,UKIP,655
W07000043,2010,BNP,1368
W07000043,2010,Con,12885
W07000043,2010,LD,7308
W07000043,2010,Lab,15804
W07000043,2010,PC,1549
W07000043,2010,UKIP,1009
W07000044,2010,BNP,1134
W07000044,2010,Con,8375
W07000044,2010,LD,8503
W07000044,2010,Lab,12161
W07000044,2010,PC,2029
W07000044,2010,UKIP,774
W07000045,2010,Con,5381
W07000045,2010,LD,3902
W07000045,2010,Lab,15916
W07000045,2010,PC,11215
W07000045,2010,UKIP,1047
W07000046,2010,BNP,963
W07000046,2010,Con,13333
W07000046,2010,LD,7947
W07000046,2010,Lab,16016
W07000046,2010,PC,2760
W07000046,2010,UKIP,652
W07000047,2010,BNP,910
W07000047,2010,Con,7407
W07000047,2010,Grn,404
W07000047,2010,Ind1,374
W07000047,2010,LD,11831
W07000047,2010,Lab,12335
W07000047,2010,PC,1437
W07000047,2010,TUSC,179
W07000047,2010,UKIP,716
W07000048,2010,BNP,1715
W07000048,2010,Con,4823
W07000048,2010,Grn,318
W07000048,2010,LD,5981
W07000048,2010,Lab,16819
W07000048,2010,PC,2181
W07000048,2010,UKIP,839
W07000049,2010,BNP,1276
W07000049,2010,Bean,558
W07000049,2010,Con,4411
W07000049,2010,Ind1,919
W07000049,2010,LD,5034
W07000049,2010,Lab,16073
W07000049,2010,PC,2198
W07000049,2010,UKIP,489
W07000050,2010,Con,7799
W07000050,2010,Grn,575
W07000050,2010,Ind1,86
W07000050,2010,LD,14976
W07000050,2010,Lab,10400
W07000050,2010,MRLP,142
W07000050,2010,PC,1246
W07000050,2010,TUSC,162
W07000050,2010,UKIP,765
W07000051,2010,Ch P,300
W07000051,2010,Con,17860
W07000051,2010,Grn,362
W07000051,2010,LD,8724
W07000051,2010,Lab,17666
W07000051,2010,PC,1588
W07000051,2010,UKIP,1130
W07000052,2010,Con,1993
W07000052,2010,Ind1,2599
W07000052,2010,LD,3309
W07000052,2010,Lab,17183
W07000052,2010,PC,5630
W07000052,2010,UKIP,358
W07000053,2010,BNP,1657
W07000053,2010,Con,7541
W07000053,2010,Grn,438
W07000053,2010,Ind1,1419
W07000053,2010,Ind2,607
W07000053,2010,LD,6264
W07000053,2010,Lab,16847
W07000053,2010,PC,2005
W07000053,2010,UKIP,862
W07000054,2010,Con,22466
W07000054,2010,Grn,587
W07000054,2010,LD,9026
W07000054,2010,Lab,12041
W07000054,2010,PC,1273
W07000054,2010,UKIP,1126
W07000055,2010,BNP,1168
W07000055,2010,Con,7918
W07000055,2010,LD,11094
W07000055,2010,Lab,12744
W07000055,2010,PC,724
W07000055,2010,Soc Lab,123
W07000055,2010,UKIP,677
W07000056,2010,BNP,1183
W07000056,2010,Con,12845
W07000056,2010,Grn,450
W07000056,2010,LD,6587
W07000056,2010,Lab,16389
W07000056,2010,PC,1122
W07000056,2010,UKIP,1144
W07000057,2010,Con,4416
W07000057,2010,LD,3666
W07000057,2010,Lab,7928
W07000057,2010,PC,9383
W07000057,2010,UKIP,685
W07000058,2010,Ch P,137
W07000058,2010,Con,10734
W07000058,2010,LD,5786
W07000058,2010,Lab,7336
W07000058,2010,PC,5341
W07000058,2010,UKIP,632
W07000059,2010,Ch P,239
W07000059,2010,Con,15833
W07000059,2010,Ind1,96
W07000059,2010,LD,5801
W07000059,2010,Lab,9414
W07000059,2010,PC,5864
W07000059,2010,UKIP,864
W07000060,2010,AGS,127
W07000060,2010,BNP,827
W07000060,2010,Con,12508
W07000060,2010,LD,4472
W07000060,2010,Lab,15017
W07000060,2010,PC,2068
W07000060,2010,UKIP,515
W07000061,2010,Con,6447
W07000061,2010,Ind1,1310
W07000061,2010,LD,3538
W07000061,2010,Lab,4021
W07000061,2010,PC,12814
W07000061,2010,UKIP,776
W07000062,2010,BNP,1100
W07000062,2010,Con,10477
W07000062,2010,LD,5965
W07000062,2010,Lab,13311
W07000062,2010,PC,3009
W07000062,2010,UKIP,819
W07000063,2010,Con,13976
W07000063,2010,Ind1,324
W07000063,2010,LD,12792
W07000063,2010,Lab,2407
W07000063,2010,NF,384
W07000063,2010,PC,2802
W07000063,2010,UKIP,1128
W07000064,2010,Con,4421
W07000064,2010,Grn,696
W07000064,2010,LD,19139
W07000064,2010,Lab,2210
W07000064,2010,PC,10815
W07000064,2010,UKIP,977
W07000065,2010,Con,16944
W07000065,2010,LD,5759
W07000065,2010,Lab,12339
W07000065,2010,PC,3654
W07000065,2010,UKIP,906
W07000066,2010,Con,16649
W07000066,2010,Ind1,364
W07000066,2010,LD,4890
W07000066,2010,Lab,13226
W07000066,2010,PC,4232
W07000066,2010,UKIP,1146
W07000067,2010,Con,8506
W07000067,2010,LD,4609
W07000067,2010,Lab,10065
W07000067,2010,PC,13546
W07000067,2010,UKIP,1285
W07000068,2010,Ch P,222
W07000068,2010,Con,14182
W07000068,2010,Grn,341
W07000068,2010,LD,17929
W07000068,2010,Lab,4096
W07000068,2010,MRLP,210
W07000068,2010,PC,989
W07000068,2010,UKIP,876
W07000069,2010,BNP,1342
W07000069,2010,Con,4847
W07000069,2010,LD,5535
W07000069,2010,Lab,17172
W07000069,2010,PC,7397
W07000069,2010,UKIP,829
W07000070,2010,Con,3010
W07000070,2010,LD,4120
W07000070,2010,Lab,15681
W07000070,2010,PC,6064
W07000070,2010,UKIP,1001
W07000071,2010,BNP,1173
W07000071,2010,Con,2412
W07000071,2010,Ind1,1845
W07000071,2010,LD,9951
W07000071,2010,Lab,14007
W07000071,2010,PC,1621
W07000071,2010,Soc Lab,195
W07000071,2010,UKIP,872
W07000072,2010,BGPV,6458
W07000072,2010,BNP,1211
W07000072,2010,Con,2265
W07000072,2010,LD,3285
W07000072,2010,Lab,16974
W07000072,2010,PC,1333
W07000072,2010,Soc Lab,381
W07000072,2010,UKIP,488
W07000073,2010,BNP,1020
W07000073,2010,Con,11668
W07000073,2010,LD,8658
W07000073,2010,Lab,13931
W07000073,2010,PC,2269
W07000073,2010,UKIP,801
W07000074,2010,BNP,1242
W07000074,2010,Con,5398
W07000074,2010,LD,5260
W07000074,2010,Lab,18644
W07000074,2010,PC,3326
W07000074,2010,UKIP,780
W07000075,2010,Ch P,365
W07000075,2010,Con,5932
W07000075,2010,Grn,361
W07000075,2010,LD,11435
W07000075,2010,Lab,14220
W07000075,2010,PC,2673
W07000075,2010,Soc Lab,456
W07000075,2010,UKIP,1229
W07000076,2010,BNP,1635
W07000076,2010,Con,6622
W07000076,2010,LD,5688
W07000076,2010,Lab,17377
W07000076,2010,PC,6460
W07000076,2010,UKIP,910
W07000077,2010,BNP,1320
W07000077,2010,Con,4854
W07000077,2010,Ind1,1495
W07000077,2010,Ind2,901
W07000077,2010,LD,3597
W07000077,2010,Lab,17069
W07000077,2010,PC,4518
W07000077,2010,UKIP,930
W07000078,2010,Ch P,236
W07000078,2010,Con,20341
W07000078,2010,Grn,457
W07000078,2010,LD,7403
W07000078,2010,Lab,16034
W07000078,2010,PC,2667
W07000078,2010,UKIP,1529
W07000079,2010,Con,12143
W07000079,2010,Grn,750
W07000079,2010,LD,7186
W07000079,2010,Lab,16894
W07000079,2010,PC,2868
W07000079,2010,UKIP,1117
W07000080,2010,Ch P,285
W07000080,2010,Comm,196
W07000080,2010,Con,12553
W07000080,2010,Grn,554
W07000080,2010,Ind1,648
W07000080,2010,LD,9875
W07000080,2010,Lab,17262
W07000080,2010,PC,1851
W07000080,2010,UKIP,1145
S14000001,2010,BNP,635
S14000001,2010,Con,4666
S14000001,2010,LD,7001
S14000001,2010,Lab,16746
S14000001,2010,SNP,8385
S14000001,2010,SSP,268
S14000002,2010,BNP,529
S14000002,2010,Con,8914
S14000002,2010,Grn,413
S14000002,2010,LD,12216
S14000002,2010,Lab,15722
S14000002,2010,SACL,138
S14000002,2010,SNP,5102
S14000003,2010,Con,3133
S14000003,2010,Ind1,528
S14000003,2010,LD,2898
S14000003,2010,Lab,20849
S14000003,2010,SNP,8441
S14000004,2010,Con,11738
S14000004,2010,LD,4090
S14000004,2010,Lab,6535
S14000004,2010,SNP,15020
S14000004,2010,UKIP,577
S14000005,2010,Con,10861
S14000005,2010,Grn,789
S14000005,2010,Ind1,272
S14000005,2010,LD,14292
S14000005,2010,Lab,10274
S14000005,2010,SJP,156
S14000005,2010,SNP,8563
S14000006,2010,Con,11721
S14000006,2010,LD,4264
S14000006,2010,Lab,21632
S14000006,2010,SNP,8276
S14000007,2010,BNP,1010
S14000007,2010,Con,11841
S14000007,2010,LD,4365
S14000007,2010,Lab,5382
S14000007,2010,SNP,15868
S14000008,2010,Con,16555
S14000008,2010,LD,22230
S14000008,2010,Lab,5003
S14000008,2010,SJP,134
S14000008,2010,SNP,4497
S14000008,2010,UKIP,595
S14000009,2010,Con,3744
S14000009,2010,Ind1,520
S14000009,2010,LD,11907
S14000009,2010,Lab,7081
S14000009,2010,SNP,5516
S14000010,2010,Con,8943
S14000010,2010,LD,5236
S14000010,2010,Lab,20950
S14000010,2010,SNP,8364
S14000010,2010,Soc Lab,422
S14000011,2010,Con,3374
S14000011,2010,LD,3519
S14000011,2010,Lab,27728
S14000011,2010,SNP,7014
S14000012,2010,Con,3407
S14000012,2010,LD,3924
S14000012,2010,Lab,23549
S14000012,2010,SNP,9794
S14000012,2010,SSP,476
S14000013,2010,Con,16501
S14000013,2010,LD,4608
S14000013,2010,Lab,23950
S14000013,2010,SNP,6419
S14000013,2010,UKIP,695
S14000014,2010,Con,17457
S14000014,2010,Grn,510
S14000014,2010,LD,9080
S14000014,2010,Lab,13263
S14000014,2010,SNP,4945
S14000014,2010,UKIP,637
S14000015,2010,Con,6177
S14000015,2010,Grn,542
S14000015,2010,LD,4285
S14000015,2010,Lab,13529
S14000015,2010,SNP,15350
S14000015,2010,SSP,254
S14000015,2010,UKIP,431
S14000016,2010,Con,3461
S14000016,2010,Ind1,365
S14000016,2010,LD,4233
S14000016,2010,Lab,17994
S14000016,2010,SNP,10716
S14000016,2010,TUSC,357
S14000017,2010,Con,3305
S14000017,2010,LD,17169
S14000017,2010,Lab,22639
S14000017,2010,SNP,5201
S14000017,2010,UKIP,633
S14000018,2010,Con,7431
S14000018,2010,LD,18551
S14000018,2010,Lab,16367
S14000018,2010,SNP,5054
S14000018,2010,UKIP,545
S14000019,2010,Con,6613
S14000019,2010,Grn,1003
S14000019,2010,Ind1,299
S14000019,2010,LD,5052
S14000019,2010,Lab,26241
S14000019,2010,SNP,11738
S14000020,2010,Con,9661
S14000020,2010,Grn,862
S14000020,2010,LD,8288
S14000020,2010,Lab,21919
S14000020,2010,SNP,7883
S14000020,2010,UKIP,548
S14000021,2010,Con,15567
S14000021,2010,LD,4720
S14000021,2010,Lab,25987
S14000021,2010,SNP,4535
S14000021,2010,UKIP,372
S14000022,2010,Con,4358
S14000022,2010,Grn,2035
S14000022,2010,LD,7751
S14000022,2010,Lab,17314
S14000022,2010,SNP,8133
S14000022,2010,TUSC,274
S14000023,2010,Con,7079
S14000023,2010,Grn,1062
S14000023,2010,Ind1,128
S14000023,2010,LD,16016
S14000023,2010,Lab,17740
S14000023,2010,Lib,389
S14000023,2010,SNP,4568
S14000023,2010,Soc Lab,141
S14000023,2010,TUSC,233
S14000024,2010,Con,9452
S14000024,2010,Grn,881
S14000024,2010,LD,14899
S14000024,2010,Lab,15215
S14000024,2010,SNP,3354
S14000025,2010,Comm L,48
S14000025,2010,Con,11026
S14000025,2010,Grn,872
S14000025,2010,LD,8194
S14000025,2010,Lab,19473
S14000025,2010,SNP,5530
S14000025,2010,SSP,319
S14000026,2010,Con,10767
S14000026,2010,LD,16684
S14000026,2010,Lab,12881
S14000026,2010,SNP,6115
S14000027,2010,Con,647
S14000027,2010,Ind1,1412
S14000027,2010,LD,1097
S14000027,2010,Lab,4838
S14000027,2010,SNP,6723
S14000028,2010,Con,5698
S14000028,2010,LD,5225
S14000028,2010,Lab,23207
S14000028,2010,SNP,15364
S14000028,2010,UKIP,1283
S14000029,2010,BNP,616
S14000029,2010,Con,2158
S14000029,2010,Grn,800
S14000029,2010,LD,5010
S14000029,2010,Lab,15908
S14000029,2010,Pirate,128
S14000029,2010,SNP,5357
S14000029,2010,SSP,357
S14000029,2010,UKIP,246
S14000030,2010,BNP,677
S14000030,2010,Con,1453
S14000030,2010,LD,1617
S14000030,2010,Lab,19797
S14000030,2010,SNP,7957
S14000030,2010,SSP,454
S14000030,2010,UKIP,209
S14000031,2010,BNP,296
S14000031,2010,Con,2089
S14000031,2010,Grn,947
S14000031,2010,LD,9283
S14000031,2010,Lab,13181
S14000031,2010,SNP,3530
S14000031,2010,TUSC,287
S14000032,2010,BNP,798
S14000032,2010,Con,1569
S14000032,2010,LD,2262
S14000032,2010,Lab,20100
S14000032,2010,SNP,4158
S14000032,2010,SSP,179
S14000032,2010,Soc Lab,156
S14000032,2010,TUSC,187
S14000033,2010,BNP,699
S14000033,2010,Comm,179
S14000033,2010,Con,3537
S14000033,2010,Grn,882
S14000033,2010,LD,5622
S14000033,2010,Lab,19233
S14000033,2010,SNP,5430
S14000034,2010,BNP,637
S14000034,2010,Con,4592
S14000034,2010,Grn,961
S14000034,2010,LD,4739
S14000034,2010,Lab,20736
S14000034,2010,SNP,8078
S14000034,2010,TUSC,351
S14000035,2010,BNP,841
S14000035,2010,Con,2084
S14000035,2010,LD,2870
S14000035,2010,Lab,19863
S14000035,2010,SNP,5192
S14000035,2010,TUSC,931
S14000036,2010,Con,2922
S14000036,2010,LD,3108
S14000036,2010,Lab,25247
S14000036,2010,SNP,8799
S14000036,2010,UKIP,425
S14000037,2010,BNP,699
S14000037,2010,Con,9111
S14000037,2010,Grn,752
S14000037,2010,LD,17575
S14000037,2010,Lab,9811
S14000037,2010,SNP,10827
S14000038,2010,Con,4502
S14000038,2010,LD,5007
S14000038,2010,Lab,20993
S14000038,2010,SNP,6577
S14000038,2010,UKIP,433
S14000039,2010,Ch P,835
S14000039,2010,Con,6278
S14000039,2010,Grn,789
S14000039,2010,Joy,93
S14000039,2010,LD,19172
S14000039,2010,Lab,10407
S14000039,2010,SNP,8803
S14000039,2010,TUSC,135
S14000039,2010,UKIP,574
S14000040,2010,Con,6592
S14000040,2010,LD,3419
S14000040,2010,Lab,24460
S14000040,2010,SNP,12082
S14000041,2010,Con,4258
S14000041,2010,Ind1,184
S14000041,2010,Ind2,165
S14000041,2010,LD,4269
S14000041,2010,Lab,29559
S14000041,2010,Land,57
S14000041,2010,SNP,6550
S14000041,2010,UKIP,760
S14000042,2010,Con,6981
S14000042,2010,Ind1,670
S14000042,2010,LD,5249
S14000042,2010,Lab,23258
S14000042,2010,SNP,9780
S14000042,2010,UKIP,616
S14000043,2010,Con,6146
S14000043,2010,LD,6589
S14000043,2010,Lab,25634
S14000043,2010,SNP,13081
S14000044,2010,BNP,960
S14000044,2010,Con,5158
S14000044,2010,Ind1,149
S14000044,2010,LD,5316
S14000044,2010,Lab,23215
S14000044,2010,SNP,12424
S14000044,2010,SSP,242
S14000044,2010,UKIP,443
S14000045,2010,Con,4661
S14000045,2010,Grn,595
S14000045,2010,Ind1,196
S14000045,2010,LD,6711
S14000045,2010,Lab,18449
S14000045,2010,SNP,8100
S14000045,2010,TUSC,166
S14000045,2010,UKIP,364
S14000046,2010,Con,10683
S14000046,2010,LD,5956
S14000046,2010,Lab,7007
S14000046,2010,SNP,16273
S14000046,2010,UKIP,1085
S14000047,2010,Con,3660
S14000047,2010,LD,3840
S14000047,2010,Lab,23910
S14000047,2010,SNP,7104
S14000047,2010,TUSC,609
S14000048,2010,Con,7212
S14000048,2010,LD,4630
S14000048,2010,Lab,21860
S14000048,2010,SNP,11965
S14000048,2010,Soc Lab,449
S14000049,2010,Con,8715
S14000049,2010,LD,17763
S14000049,2010,Lab,6869
S14000049,2010,SNP,5685
S14000049,2010,UKIP,1032
S14000050,2010,Con,10342
S14000050,2010,Grn,609
S14000050,2010,LD,5754
S14000050,2010,Lab,19131
S14000050,2010,SNP,13944
S14000050,2010,UKIP,689
S14000051,2010,Con,2032
S14000051,2010,LD,11989
S14000051,2010,Lab,2061
S14000051,2010,SNP,2042
S14000051,2010,UKIP,1222
S14000052,2010,Con,6381
S14000052,2010,Ind1,550
S14000052,2010,LD,4597
S14000052,2010,Lab,23613
S14000052,2010,SNP,8333
S14000052,2010,SSP,233
S14000053,2010,Con,3979
S14000053,2010,Ind1,513
S14000053,2010,Ind2,249
S14000053,2010,LD,3812
S14000053,2010,Lab,23842
S14000053,2010,SNP,7228
S14000053,2010,SSP,375
S14000054,2010,Con,14739
S14000054,2010,LD,5954
S14000054,2010,Lab,7923
S14000054,2010,SNP,19118
S14000054,2010,Trust,534
S14000055,2010,Con,4260
S14000055,2010,Grn,777
S14000055,2010,Ind1,279
S14000055,2010,LD,18335
S14000055,2010,Lab,5265
S14000055,2010,SNP,5263
S14000055,2010,UKIP,659
S14000056,2010,Con,4540
S14000056,2010,LD,5636
S14000056,2010,Lab,28566
S14000056,2010,SNP,7564
S14000056,2010,UKIP,675
S14000057,2010,Con,11254
S14000057,2010,Grn,746
S14000057,2010,LD,6797
S14000057,2010,Lab,19558
S14000057,2010,SNP,8091
S14000057,2010,UKIP,395
S14000058,2010,BNP,513
S14000058,2010,Con,13678
S14000058,2010,LD,17362
S14000058,2010,Lab,6159
S14000058,2010,SNP,7086
S14000058,2010,UKIP,397
S14000059,2010,Con,3242
S14000059,2010,LD,3434
S14000059,2010,Lab,25905
S14000059,2010,SNP,8497
S14000059,2010,Soc Lab,505
S14000059,2010,UKIP,683
N06000001,2010,APNI,12839
N06000001,2010,DUP,11306
N06000001,2010,SDLP,365
N06000001,2010,SF,817
N06000001,2010,TUV,1856
N06000001,2010,UCUNF,7305
N06000002,2010,APNI,1809
N06000002,2010,DUP,14812
N06000002,2010,Ind1,403
N06000002,2010,SDLP,4544
N06000002,2010,SF,12588
N06000002,2010,UCUNF,2837
N06000003,2010,APNI,5114
N06000003,2010,DUP,8100
N06000003,2010,Grn,1036
N06000003,2010,SDLP,14026
N06000003,2010,UCUNF,5910
N06000004,2010,APNI,596
N06000004,2010,DUP,2436
N06000004,2010,SDLP,5261
N06000004,2010,SF,22840
N06000004,2010,UCUNF,1000
N06000005,2010,APNI,3377
N06000005,2010,DUP,13993
N06000005,2010,SDLP,2019
N06000005,2010,SF,2064
N06000005,2010,TUV,1826
N06000005,2010,UCUNF,7223
N06000006,2010,APNI,1922
N06000006,2010,DUP,12097
N06000006,2010,SDLP,5399
N06000006,2010,SF,6742
N06000006,2010,TUV,2572
N06000006,2010,UCUNF,6218
N06000007,2010,APNI,437
N06000007,2010,Ind1,21300
N06000007,2010,Ind2,188
N06000007,2010,SDLP,3574
N06000007,2010,SF,21304
N06000008,2010,APNI,223
N06000008,2010,DUP,4489
N06000008,2010,PBP,2936
N06000008,2010,SDLP,16922
N06000008,2010,SF,12098
N06000008,2010,UCUNF,1221
N06000009,2010,APNI,4174
N06000009,2010,DUP,18199
N06000009,2010,SDLP,1835
N06000009,2010,SF,1465
N06000009,2010,TUV,3154
N06000009,2010,UCUNF,7713
N06000010,2010,APNI,397
N06000010,2010,DUP,5876
N06000010,2010,SDLP,5826
N06000010,2010,SF,21239
N06000010,2010,TUV,2995
N06000010,2010,UCUNF,4509
N06000011,2010,APNI,545
N06000011,2010,DUP,5764
N06000011,2010,Ind1,656
N06000011,2010,SDLP,10526
N06000011,2010,SF,18857
N06000011,2010,UCUNF,8558
N06000012,2010,APNI,1368
N06000012,2010,DUP,19672
N06000012,2010,ND,606
N06000012,2010,SDLP,3738
N06000012,2010,SF,5265
N06000012,2010,TUV,7114
N06000012,2010,UCUNF,4634
N06000013,2010,APNI,1876
N06000013,2010,Grn,1043
N06000013,2010,Ind1,21181
N06000013,2010,SDLP,680
N06000013,2010,SF,250
N06000013,2010,TUV,1634
N06000013,2010,UCUNF,6817
N06000014,2010,APNI,2607
N06000014,2010,DUP,11536
N06000014,2010,SDLP,2955
N06000014,2010,SF,4729
N06000014,2010,TUV,1829
N06000014,2010,UCUNF,10353
N06000015,2010,APNI,560
N06000015,2010,DUP,3645
N06000015,2010,Grn,901
N06000015,2010,SDLP,20648
N06000015,2010,SF,12236
N06000015,2010,TUV,1506
N06000015,2010,UCUNF,3093
N06000016,2010,APNI,2828
N06000016,2010,DUP,14926
N06000016,2010,Grn,562
N06000016,2010,SDLP,2164
N06000016,2010,SF,1161
N06000016,2010,TUV,1814
N06000016,2010,UCUNF,9050
N06000017,2010,APNI,1231
N06000017,2010,DUP,14000
N06000017,2010,SDLP,5276
N06000017,2010,SF,10237
N06000017,2010,UCUNF,10639
N06000018,2010,APNI,859
N06000018,2010,DUP,7365
N06000018,2010,Ind1,508
N06000018,2010,SDLP,5212
N06000018,2010,SF,18050
N06000018,2010,UCUNF,5281
